,alpha,beta,gamma,val_pc_cor,ulab_pc_cor,n_neighbours
0,7.9984540939331055,0.39755403995513916,5.720065116882324,0.6500000357627869,0.7110000252723694,100.0
1,2.382112741470337,9.687459945678711,8.143238067626953,0.625,0.7120000123977661,100.0
2,9.676026344299316,2.1530747413635254,0.6596016883850098,0.625,0.7160000205039978,100.0
3,5.024130344390869,4.919955730438232,0.6488192081451416,0.625,0.7120000123977661,100.0
4,1.9917535781860352,8.181382179260254,7.28768253326416,0.625,0.7200000286102295,200.0
5,1.772376298904419,2.2740464210510254,4.192168712615967,0.625,0.718000054359436,100.0
6,2.1121251583099365,7.037563800811768,6.302928924560547,0.625,0.7200000286102295,200.0
7,8.404129981994629,6.793099403381348,0.8170187473297119,0.625,0.7160000205039978,100.0
8,4.342889785766602,6.905615329742432,2.4796509742736816,0.625,0.7140000462532043,200.0
9,6.173194885253906,7.596961975097656,0.8584475517272949,0.625,0.7160000205039978,200.0
10,0.12306332588195801,2.1450448036193848,6.781473159790039,0.625,0.7110000252723694,200.0
11,5.959244251251221,1.7523694038391113,4.563302040100098,0.625,0.718000054359436,200.0
12,7.693770408630371,3.331904411315918,6.8319501876831055,0.625,0.7240000367164612,100.0
13,6.1156005859375,8.0528564453125,5.986858367919922,0.625,0.7200000286102295,200.0
14,8.19930648803711,9.739582061767578,6.312172889709473,0.625,0.703000009059906,200.0
15,3.1349258422851562,4.250409126281738,6.098132133483887,0.625,0.7200000286102295,200.0
16,7.197768688201904,1.319316029548645,2.86751389503479,0.625,0.7170000076293945,200.0
17,0.9187966585159302,3.210601806640625,6.921999931335449,0.625,0.7170000076293945,100.0
18,0.5143415927886963,0.944054126739502,7.829733848571777,0.625,0.7100000381469727,100.0
19,7.266218662261963,5.163122177124023,6.774777412414551,0.625,0.7190000414848328,200.0
20,4.693259239196777,6.050984859466553,6.311412334442139,0.625,0.7160000205039978,100.0
21,4.317757606506348,6.888830661773682,7.047857284545898,0.625,0.7160000205039978,200.0
22,3.584914207458496,7.099213123321533,3.599616289138794,0.625,0.7170000076293945,200.0
23,2.40341854095459,0.7165992259979248,5.095059871673584,0.625,0.7170000076293945,100.0
24,9.617557525634766,5.256621837615967,9.408374786376953,0.625,0.7210000157356262,200.0
25,3.7303853034973145,6.461867332458496,9.532644271850586,0.625,0.7220000624656677,200.0
26,6.5308613777160645,9.008554458618164,3.2815098762512207,0.625,0.7150000333786011,200.0
27,0.655859112739563,2.113132953643799,2.012073516845703,0.625,0.7120000123977661,100.0
28,7.362516403198242,4.439807415008545,7.598683834075928,0.625,0.7200000286102295,200.0
29,4.1225433349609375,0.2986466884613037,4.159759998321533,0.625,0.7130000591278076,200.0
30,4.772782325744629,7.174804210662842,4.561012268066406,0.625,0.7150000333786011,100.0
31,6.080155372619629,9.531682968139648,1.5590548515319824,0.625,0.7110000252723694,100.0
32,5.514342784881592,3.7804393768310547,5.376296043395996,0.625,0.7210000157356262,100.0
33,3.3835434913635254,4.945586204528809,3.5366506576538086,0.625,0.718000054359436,200.0
34,9.05748462677002,4.007516860961914,0.2672386169433594,0.625,0.7090000510215759,200.0
35,2.6937663555145264,3.3834571838378906,8.794489860534668,0.625,0.7130000591278076,100.0
36,9.895419120788574,3.659067153930664,9.949949264526367,0.625,0.7200000286102295,100.0
37,6.314133644104004,3.771674633026123,7.648977279663086,0.625,0.718000054359436,100.0
38,7.669465065002441,9.078523635864258,7.825765132904053,0.625,0.7130000591278076,200.0
39,2.416660785675049,5.206894397735596,9.059804916381836,0.625,0.7190000414848328,200.0
40,2.9743475914001465,8.091270446777344,5.2075347900390625,0.625,0.7140000462532043,100.0
41,2.5754075050354004,9.711395263671875,3.8170628547668457,0.625,0.7210000157356262,200.0
42,7.726010799407959,6.8214921951293945,6.802152633666992,0.625,0.7160000205039978,200.0
43,0.6766766309738159,0.7626384496688843,2.8837924003601074,0.625,0.7130000591278076,200.0
44,3.3009119033813477,0.22221922874450684,1.530349850654602,0.625,0.7160000205039978,100.0
45,5.562527656555176,7.448921203613281,2.1322572231292725,0.625,0.7120000123977661,100.0
46,7.805593490600586,1.3953834772109985,4.088416576385498,0.625,0.7170000076293945,100.0
47,9.328445434570312,5.282195091247559,8.631668090820312,0.625,0.7200000286102295,100.0
48,6.109601974487305,1.020139455795288,4.062817573547363,0.625,0.7170000076293945,100.0
49,9.267834663391113,6.078009605407715,2.6222681999206543,0.625,0.7150000333786011,100.0
50,8.04652214050293,8.259187698364258,6.29441499710083,0.625,0.7190000414848328,200.0
51,3.7140583992004395,9.48747730255127,3.668457269668579,0.625,0.7120000123977661,100.0
52,2.5602455139160156,4.123429298400879,6.18186092376709,0.625,0.7170000076293945,100.0
53,7.696043968200684,3.3898239135742188,6.956192970275879,0.625,0.7200000286102295,200.0
54,2.002223014831543,2.3466830253601074,4.949555397033691,0.625,0.7150000333786011,100.0
55,6.621768951416016,4.099153995513916,6.088900566101074,0.625,0.7170000076293945,100.0
56,6.094184398651123,5.050413131713867,0.3617817163467407,0.625,0.7100000381469727,200.0
57,8.96101188659668,2.5019896030426025,0.8859217166900635,0.625,0.7160000205039978,200.0
58,1.5632504224777222,2.4343931674957275,5.551547050476074,0.625,0.7170000076293945,200.0
59,8.239118576049805,2.4229729175567627,4.145288467407227,0.625,0.7200000286102295,100.0
60,5.383101463317871,4.564478874206543,4.4593095779418945,0.625,0.718000054359436,100.0
61,6.2839202880859375,7.871790409088135,0.27531325817108154,0.625,0.7130000591278076,200.0
62,3.193723678588867,3.824537992477417,9.250502586364746,0.625,0.7170000076293945,200.0
63,5.437260627746582,3.2485861778259277,7.3949503898620605,0.625,0.7240000367164612,200.0
64,9.642000198364258,6.448519706726074,6.852610111236572,0.625,0.7110000252723694,200.0
65,1.661747694015503,3.865039825439453,4.112370491027832,0.625,0.7200000286102295,200.0
66,5.426242351531982,9.052724838256836,4.305210113525391,0.625,0.7150000333786011,200.0
67,0.6553101539611816,4.364544868469238,9.739867210388184,0.625,0.7170000076293945,200.0
68,4.540620803833008,5.04096794128418,6.827731609344482,0.625,0.7190000414848328,200.0
69,2.086318016052246,5.100093841552734,7.910259246826172,0.625,0.7150000333786011,100.0
70,2.648789405822754,1.5351885557174683,1.4422637224197388,0.625,0.7140000462532043,100.0
71,0.07236897945404053,3.2019448280334473,8.820343971252441,0.625,0.7140000462532043,100.0
72,3.6875534057617188,5.839813232421875,3.621230125427246,0.625,0.7190000414848328,200.0
73,9.152692794799805,4.99754524230957,5.1743268966674805,0.625,0.7240000367164612,100.0
74,9.758870124816895,5.563576698303223,5.81881046295166,0.625,0.7130000591278076,200.0
75,3.423691987991333,4.170926094055176,2.7069294452667236,0.625,0.7170000076293945,100.0
76,9.84851360321045,9.6477632522583,4.834123611450195,0.625,0.7110000252723694,200.0
77,4.727110385894775,8.273283004760742,6.717006683349609,0.625,0.7240000367164612,200.0
78,0.6521111726760864,9.19223690032959,9.583897590637207,0.625,0.718000054359436,200.0
79,8.795843124389648,0.8690166473388672,6.713708877563477,0.625,0.706000030040741,100.0
80,3.2946677207946777,6.888964653015137,3.3261096477508545,0.625,0.7170000076293945,100.0
81,8.4246244430542,3.9339756965637207,2.5457959175109863,0.625,0.7130000591278076,200.0
82,2.0453929901123047,2.3846054077148438,6.140463352203369,0.625,0.7200000286102295,200.0
83,8.841619491577148,2.8406615257263184,7.323591232299805,0.625,0.718000054359436,200.0
84,0.24336397647857666,2.7281813621520996,8.103580474853516,0.625,0.7090000510215759,100.0
85,9.913244247436523,7.509022235870361,6.464059829711914,0.625,0.7140000462532043,100.0
86,7.433169364929199,9.049799919128418,0.4298776388168335,0.625,0.718000054359436,200.0
87,0.19235968589782715,3.713789463043213,7.2147064208984375,0.625,0.7090000510215759,200.0
88,1.9997680187225342,3.8136143684387207,7.861589431762695,0.625,0.7170000076293945,200.0
89,2.7917771339416504,6.174103736877441,4.439684867858887,0.625,0.7190000414848328,200.0
90,9.938390731811523,6.56141996383667,4.403934001922607,0.625,0.7240000367164612,200.0
91,8.790338516235352,5.4357428550720215,9.462268829345703,0.625,0.7170000076293945,100.0
92,0.3049999475479126,0.7596993446350098,4.158561706542969,0.625,0.718000054359436,200.0
93,1.6968733072280884,4.464755535125732,9.164854049682617,0.625,0.7200000286102295,200.0
94,2.670347213745117,0.7271158695220947,1.1277765035629272,0.625,0.7120000123977661,200.0
95,7.010182857513428,3.6388425827026367,5.278379917144775,0.625,0.7210000157356262,200.0
96,7.483015537261963,2.5827817916870117,0.24652838706970215,0.6000000238418579,0.7020000219345093,200.0
97,1.6339272260665894,1.5292060375213623,0.41453301906585693,0.574999988079071,0.6810000538825989,200.0
98,2.167551040649414,0.15536904335021973,0.2156740427017212,0.550000011920929,0.5750000476837158,200.0
99,3.1901347637176514,0.45757532119750977,0.23987054824829102,0.550000011920929,0.6000000238418579,200.0
100,3.252657651901245,2.9089736938476562,8.532636642456055,0.75,0.7440000176429749,200.0
101,4.785454750061035,2.0037877559661865,1.0197895765304565,0.75,0.7460000514984131,100.0
102,4.5038580894470215,2.9235191345214844,1.297461986541748,0.75,0.7430000305175781,200.0
103,0.4995530843734741,9.238816261291504,7.787198543548584,0.75,0.7470000386238098,200.0
104,6.3074798583984375,0.6575685739517212,3.9693217277526855,0.75,0.7460000514984131,200.0
105,8.672752380371094,1.8145561218261719,6.121306419372559,0.75,0.7430000305175781,100.0
106,1.540570855140686,7.496182441711426,6.9130730628967285,0.75,0.7430000305175781,200.0
107,9.209059715270996,1.8245816230773926,6.795807838439941,0.75,0.7430000305175781,100.0
108,5.046730041503906,1.7491638660430908,1.8769460916519165,0.75,0.7450000643730164,200.0
109,6.004846572875977,2.7976160049438477,7.555367946624756,0.75,0.7430000305175781,100.0
110,0.9169214963912964,5.906348705291748,8.624374389648438,0.75,0.7470000386238098,100.0
111,6.654637336730957,0.7106548547744751,8.390296936035156,0.75,0.7460000514984131,100.0
112,4.510673522949219,2.8621726036071777,6.654592037200928,0.75,0.7430000305175781,100.0
113,9.905558586120605,1.5753412246704102,6.398221015930176,0.75,0.7410000562667847,100.0
114,2.788747549057007,5.050145149230957,1.9680166244506836,0.75,0.7420000433921814,100.0
115,3.5691916942596436,3.210035562515259,9.817802429199219,0.75,0.7420000433921814,100.0
116,7.65873384475708,1.4512932300567627,2.8421549797058105,0.75,0.7450000643730164,100.0
117,1.326790452003479,7.416667938232422,4.287912845611572,0.75,0.7440000176429749,100.0
118,2.7022080421447754,7.096080303192139,4.4453935623168945,0.75,0.7440000176429749,200.0
119,6.433947563171387,1.4721351861953735,1.7531311511993408,0.75,0.7450000643730164,200.0
120,2.604217529296875,0.9256917238235474,5.852275848388672,0.75,0.7470000386238098,200.0
121,0.45905888080596924,9.379730224609375,1.4611810445785522,0.75,0.7450000643730164,200.0
122,9.725135803222656,0.5469924211502075,7.488694190979004,0.75,0.7450000643730164,100.0
123,2.403055429458618,5.865519046783447,0.7387131452560425,0.75,0.7390000224113464,100.0
124,2.7563328742980957,3.4051525592803955,1.4594221115112305,0.75,0.7460000514984131,100.0
125,1.3358104228973389,9.409551620483398,3.539541244506836,0.75,0.7430000305175781,100.0
126,1.6494321823120117,7.390259742736816,5.734801292419434,0.75,0.7420000433921814,100.0
127,0.36039412021636963,5.5336151123046875,3.0688703060150146,0.75,0.7480000257492065,200.0
128,1.1277621984481812,0.49939870834350586,6.847738265991211,0.75,0.7520000338554382,200.0
129,0.29178619384765625,0.8857178688049316,6.1683173179626465,0.75,0.7470000386238098,200.0
130,1.584184169769287,4.438624858856201,5.47013521194458,0.75,0.7460000514984131,100.0
131,1.1381250619888306,3.0516772270202637,7.887916564941406,0.75,0.7470000386238098,200.0
132,2.321140766143799,8.638201713562012,5.546350002288818,0.75,0.7420000433921814,200.0
133,8.759329795837402,1.1435145139694214,7.83001184463501,0.75,0.7450000643730164,100.0
134,0.6956183910369873,1.4838677644729614,5.508185386657715,0.75,0.7480000257492065,100.0
135,3.1881861686706543,4.258953094482422,9.014798164367676,0.75,0.7430000305175781,100.0
136,3.3805465698242188,0.721437931060791,7.381681442260742,0.75,0.7470000386238098,200.0
137,7.08336877822876,1.607547402381897,3.97125244140625,0.75,0.7450000643730164,100.0
138,5.942509174346924,0.49342453479766846,2.9532253742218018,0.75,0.7470000386238098,100.0
139,8.824347496032715,1.8048226833343506,9.889694213867188,0.75,0.7410000562667847,200.0
140,2.7511887550354004,5.172758102416992,8.557929039001465,0.75,0.7420000433921814,100.0
141,4.522327423095703,3.598724603652954,7.419386863708496,0.7250000238418579,0.7390000224113464,200.0
142,8.74708080291748,2.7834529876708984,7.49171257019043,0.7250000238418579,0.7320000529289246,100.0
143,8.805876731872559,0.004492998123168945,8.907907485961914,0.7250000238418579,0.7430000305175781,200.0
144,3.347517967224121,8.473795890808105,0.45555293560028076,0.7250000238418579,0.7330000400543213,200.0
145,4.1129560470581055,7.188183784484863,2.8659820556640625,0.7250000238418579,0.7350000143051147,200.0
146,3.4009594917297363,6.777853488922119,5.307477951049805,0.7250000238418579,0.7380000352859497,100.0
147,3.062849521636963,5.796875476837158,2.341364622116089,0.7250000238418579,0.7410000562667847,100.0
148,4.867879867553711,3.378725051879883,7.738937854766846,0.7250000238418579,0.7400000095367432,200.0
149,7.819262504577637,4.509355545043945,6.272150993347168,0.7250000238418579,0.737000048160553,200.0
150,7.778956413269043,3.459821939468384,7.064444541931152,0.7250000238418579,0.734000027179718,200.0
151,6.632449626922607,5.109414100646973,4.5854387283325195,0.7250000238418579,0.7350000143051147,100.0
152,8.148653030395508,3.700714111328125,8.564704895019531,0.7250000238418579,0.7350000143051147,100.0
153,2.155827283859253,7.961370944976807,0.5489760637283325,0.7250000238418579,0.7390000224113464,100.0
154,8.83068561553955,4.046304225921631,4.772836685180664,0.7250000238418579,0.7350000143051147,100.0
155,7.99809455871582,3.4728150367736816,2.5955986976623535,0.7250000238418579,0.7330000400543213,200.0
156,5.039380073547363,4.906763076782227,5.624264717102051,0.7250000238418579,0.7330000400543213,100.0
157,3.8925819396972656,7.12042760848999,3.779650926589966,0.7250000238418579,0.7360000610351562,100.0
158,8.277693748474121,5.155200481414795,2.193213701248169,0.7250000238418579,0.734000027179718,200.0
159,3.2939391136169434,8.285670280456543,7.009159088134766,0.699999988079071,0.7330000400543213,200.0
160,8.629279136657715,4.443843841552734,0.05293726921081543,0.699999988079071,0.7220000624656677,100.0
161,7.7914862632751465,5.3881120681762695,3.3198952674865723,0.699999988079071,0.7320000529289246,200.0
162,4.433664321899414,7.374329090118408,5.369419574737549,0.699999988079071,0.734000027179718,100.0
163,4.927151679992676,4.744316101074219,4.2570881843566895,0.699999988079071,0.7310000061988831,100.0
164,3.3143317699432373,8.851438522338867,1.4438188076019287,0.699999988079071,0.7310000061988831,200.0
165,3.178154230117798,5.867273807525635,0.06227672100067139,0.699999988079071,0.7160000205039978,100.0
166,4.230817794799805,8.338972091674805,9.284650802612305,0.675000011920929,0.7240000367164612,100.0
167,5.779993534088135,9.976709365844727,6.6670331954956055,0.675000011920929,0.7270000576972961,200.0
168,3.993455171585083,7.569310188293457,6.7164154052734375,0.675000011920929,0.7330000400543213,100.0
169,8.741287231445312,9.331357955932617,6.846193790435791,0.675000011920929,0.7200000286102295,200.0
170,9.631277084350586,5.065516948699951,3.933149576187134,0.675000011920929,0.7270000576972961,200.0
171,7.263260364532471,7.528808116912842,6.358675956726074,0.675000011920929,0.7250000238418579,200.0
172,5.133888244628906,8.44835090637207,1.463964581489563,0.675000011920929,0.7250000238418579,200.0
173,6.550279140472412,7.271045684814453,5.43112325668335,0.675000011920929,0.7230000495910645,200.0
174,6.817999839782715,5.724976539611816,2.5545120239257812,0.675000011920929,0.7260000109672546,200.0
175,9.36395263671875,9.61760139465332,5.703753471374512,0.675000011920929,0.7200000286102295,100.0
176,7.836426734924316,7.015633583068848,7.345510482788086,0.675000011920929,0.7230000495910645,200.0
177,8.701622009277344,5.883452892303467,4.016147613525391,0.675000011920929,0.7220000624656677,100.0
178,4.9063005447387695,7.629075050354004,4.779551029205322,0.675000011920929,0.7330000400543213,100.0
179,9.324291229248047,4.799079418182373,2.4123728275299072,0.675000011920929,0.7280000448226929,200.0
180,8.413597106933594,9.669734001159668,7.3522186279296875,0.675000011920929,0.7200000286102295,200.0
181,9.427448272705078,7.112465858459473,8.489041328430176,0.675000011920929,0.7220000624656677,100.0
182,7.381825923919678,7.846088886260986,7.072250843048096,0.675000011920929,0.7240000367164612,200.0
183,7.131881237030029,6.0379791259765625,4.603016376495361,0.675000011920929,0.7330000400543213,200.0
184,7.8425493240356445,5.805936336517334,5.4886980056762695,0.675000011920929,0.7320000529289246,100.0
185,6.792583465576172,7.662583351135254,9.461270332336426,0.675000011920929,0.7240000367164612,200.0
186,5.463982582092285,8.197914123535156,4.967197418212891,0.675000011920929,0.7300000190734863,100.0
187,9.886049270629883,6.089053630828857,3.7712156772613525,0.675000011920929,0.7210000157356262,100.0
188,8.80789852142334,5.904069423675537,5.240951061248779,0.675000011920929,0.7240000367164612,100.0
189,9.598125457763672,5.8527021408081055,1.8717896938323975,0.675000011920929,0.7230000495910645,100.0
190,8.670538902282715,4.699123382568359,0.7115298509597778,0.675000011920929,0.7310000061988831,100.0
191,4.50157356262207,8.935336112976074,8.922588348388672,0.675000011920929,0.7240000367164612,100.0
192,6.338201522827148,6.018853187561035,5.410093784332275,0.675000011920929,0.7230000495910645,200.0
193,7.622754096984863,6.575222015380859,3.177218437194824,0.675000011920929,0.7330000400543213,100.0
194,9.141823768615723,5.795238018035889,8.92673397064209,0.675000011920929,0.7220000624656677,100.0
195,4.631570816040039,9.194307327270508,6.773760795593262,0.675000011920929,0.7330000400543213,200.0
196,8.228889465332031,6.583900451660156,9.193537712097168,0.675000011920929,0.7310000061988831,200.0
197,8.624521255493164,8.173211097717285,3.79624080657959,0.675000011920929,0.7220000624656677,200.0
198,5.487522602081299,8.26540756225586,2.127910852432251,0.675000011920929,0.7270000576972961,100.0
199,1.0747969150543213,5.7166547775268555,0.004978179931640625,0.625,0.5690000057220459,200.0
200,9.140296936035156,8.93500804901123,5.689032077789307,0.824999988079071,0.7640000581741333,200.0
201,9.031847953796387,9.906049728393555,6.480350017547607,0.800000011920929,0.7620000243186951,100.0
202,8.381006240844727,9.561034202575684,4.825909614562988,0.800000011920929,0.7620000243186951,100.0
203,8.24659252166748,9.324728012084961,9.943733215332031,0.800000011920929,0.76500004529953,100.0
204,9.756382942199707,9.293107986450195,6.297093391418457,0.800000011920929,0.7620000243186951,200.0
205,8.470827102661133,9.435441017150879,6.356019496917725,0.800000011920929,0.7640000581741333,100.0
206,8.112825393676758,9.469648361206055,1.9483959674835205,0.7750000357627869,0.753000020980835,200.0
207,9.606620788574219,8.983305931091309,7.298693656921387,0.7750000357627869,0.7570000290870667,200.0
208,9.037628173828125,8.110486030578613,7.401366233825684,0.7750000357627869,0.7560000419616699,200.0
209,8.669397354125977,8.958667755126953,7.528984546661377,0.7750000357627869,0.7590000629425049,100.0
210,8.525665283203125,8.191338539123535,5.838125228881836,0.7750000357627869,0.7580000162124634,100.0
211,7.053474426269531,9.102922439575195,1.8012899160385132,0.7750000357627869,0.7520000338554382,100.0
212,8.692907333374023,6.970982074737549,2.3170793056488037,0.7750000357627869,0.7550000548362732,200.0
213,5.174493789672852,8.999367713928223,8.409822463989258,0.75,0.7400000095367432,200.0
214,6.109821319580078,8.56137466430664,5.443881988525391,0.75,0.7490000128746033,100.0
215,8.301889419555664,7.333979606628418,0.6385767459869385,0.75,0.7270000576972961,200.0
216,8.309410095214844,4.435678482055664,4.098240852355957,0.7250000238418579,0.7300000190734863,200.0
217,7.292600631713867,4.690987586975098,6.902556419372559,0.7250000238418579,0.7260000109672546,200.0
218,5.778573036193848,5.088791847229004,5.997931480407715,0.7250000238418579,0.7160000205039978,200.0
219,3.6042304039001465,9.711600303649902,9.427464485168457,0.7250000238418579,0.7290000319480896,200.0
220,4.885991096496582,6.865675449371338,2.50173282623291,0.7250000238418579,0.7280000448226929,100.0
221,6.407008647918701,8.63873291015625,3.524158477783203,0.7250000238418579,0.7420000433921814,100.0
222,6.46031379699707,7.180144309997559,5.530388832092285,0.7250000238418579,0.737000048160553,200.0
223,6.217880725860596,6.042929649353027,3.4651522636413574,0.7250000238418579,0.7310000061988831,100.0
224,6.124489784240723,6.541864395141602,3.0181961059570312,0.7250000238418579,0.7360000610351562,100.0
225,8.064252853393555,5.173541069030762,1.943945288658142,0.7250000238418579,0.7300000190734863,100.0
226,4.8524274826049805,7.530620098114014,6.350800514221191,0.7250000238418579,0.734000027179718,200.0
227,5.305570602416992,7.344515323638916,1.539948582649231,0.7250000238418579,0.7190000414848328,100.0
228,5.338261604309082,6.616253852844238,1.8945831060409546,0.7250000238418579,0.7250000238418579,100.0
229,7.170876502990723,5.376744747161865,1.7335909605026245,0.7250000238418579,0.7230000495910645,200.0
230,3.492645740509033,8.12775993347168,7.229647636413574,0.7250000238418579,0.7200000286102295,200.0
231,7.574827194213867,4.319106101989746,8.014047622680664,0.7250000238418579,0.7210000157356262,200.0
232,4.624693393707275,9.063932418823242,6.278294563293457,0.7250000238418579,0.737000048160553,100.0
233,3.9728145599365234,9.078025817871094,9.6367826461792,0.7250000238418579,0.7280000448226929,100.0
234,7.719043731689453,3.4464473724365234,9.391090393066406,0.7250000238418579,0.7140000462532043,200.0
235,8.435019493103027,6.4904255867004395,2.3432695865631104,0.7250000238418579,0.7460000514984131,200.0
236,5.640210151672363,7.0406389236450195,8.998204231262207,0.7250000238418579,0.7300000190734863,100.0
237,8.220919609069824,5.06079626083374,1.8998169898986816,0.7250000238418579,0.7260000109672546,200.0
238,6.961396217346191,1.0657227039337158,8.179335594177246,0.7250000238418579,0.690000057220459,200.0
239,3.2889814376831055,7.0668230056762695,3.9069323539733887,0.699999988079071,0.7070000171661377,200.0
240,2.8353662490844727,4.384045600891113,5.73481559753418,0.699999988079071,0.6970000267028809,200.0
241,6.846253871917725,1.5659266710281372,9.777423858642578,0.699999988079071,0.7010000348091125,100.0
242,2.7341766357421875,9.498868942260742,7.204903602600098,0.699999988079071,0.7130000591278076,100.0
243,2.740157127380371,9.120329856872559,7.424184799194336,0.699999988079071,0.7110000252723694,200.0
244,4.956437110900879,4.9077301025390625,7.0990753173828125,0.699999988079071,0.7130000591278076,200.0
245,3.077451705932617,3.580554723739624,4.941573619842529,0.699999988079071,0.6910000443458557,100.0
246,9.372518539428711,1.4640510082244873,9.56255054473877,0.699999988079071,0.7080000042915344,100.0
247,3.996800184249878,2.831127166748047,3.932703733444214,0.699999988079071,0.690000057220459,100.0
248,9.060236930847168,1.924349069595337,3.1787710189819336,0.699999988079071,0.7000000476837158,100.0
249,5.442294120788574,4.049572944641113,3.492690324783325,0.699999988079071,0.706000030040741,200.0
250,9.507112503051758,1.8635720014572144,3.614173412322998,0.699999988079071,0.7050000429153442,200.0
251,4.132716655731201,2.0845694541931152,6.388814449310303,0.699999988079071,0.6860000491142273,200.0
252,4.271440029144287,6.548324108123779,2.1451945304870605,0.699999988079071,0.7130000591278076,200.0
253,1.289704442024231,8.179679870605469,7.621966361999512,0.699999988079071,0.6930000185966492,200.0
254,3.422163724899292,3.696531057357788,9.62308406829834,0.699999988079071,0.703000009059906,200.0
255,2.806520938873291,7.689386367797852,8.713465690612793,0.699999988079071,0.7100000381469727,100.0
256,5.950224876403809,1.6823309659957886,3.5960917472839355,0.699999988079071,0.687000036239624,200.0
257,6.822993755340576,2.7494490146636963,6.652335166931152,0.699999988079071,0.7100000381469727,200.0
258,4.01768159866333,5.565534591674805,6.296665191650391,0.699999988079071,0.7080000042915344,200.0
259,4.016474723815918,2.8356175422668457,4.830472946166992,0.699999988079071,0.6910000443458557,100.0
260,5.171745300292969,5.270583152770996,4.804326057434082,0.699999988079071,0.7140000462532043,100.0
261,2.675076723098755,5.384064674377441,7.064114093780518,0.699999988079071,0.7020000219345093,100.0
262,2.705047607421875,3.004603862762451,9.7389554977417,0.699999988079071,0.690000057220459,100.0
263,2.0680623054504395,7.87049674987793,8.18431568145752,0.699999988079071,0.7050000429153442,200.0
264,2.362527847290039,7.997647285461426,6.824942588806152,0.699999988079071,0.7070000171661377,100.0
265,1.4111876487731934,7.964531898498535,8.395193099975586,0.699999988079071,0.6970000267028809,100.0
266,6.756124973297119,3.3007895946502686,8.002861022949219,0.699999988079071,0.7100000381469727,100.0
267,2.9356484413146973,3.1966323852539062,6.00111722946167,0.699999988079071,0.6880000233650208,200.0
268,4.909732341766357,3.47576904296875,8.117350578308105,0.699999988079071,0.7100000381469727,200.0
269,6.259227275848389,3.1759679317474365,9.1307373046875,0.699999988079071,0.7110000252723694,100.0
270,2.5834875106811523,6.216043949127197,5.61818790435791,0.699999988079071,0.7050000429153442,100.0
271,2.7430014610290527,5.143891334533691,5.958950042724609,0.699999988079071,0.7020000219345093,100.0
272,8.42676067352295,2.0987801551818848,6.8612060546875,0.699999988079071,0.7070000171661377,100.0
273,1.804535984992981,1.2683463096618652,6.879682540893555,0.675000011920929,0.6580000519752502,200.0
274,3.0364608764648438,0.40203988552093506,9.282254219055176,0.675000011920929,0.6580000519752502,100.0
275,1.3462108373641968,0.9482645988464355,8.333709716796875,0.675000011920929,0.656000018119812,100.0
276,1.8129771947860718,2.015542984008789,8.574423789978027,0.675000011920929,0.6670000553131104,200.0
277,2.0961503982543945,2.213038206100464,5.8966450691223145,0.675000011920929,0.6730000376701355,100.0
278,0.12495279312133789,6.02966833114624,9.74087905883789,0.675000011920929,0.6510000228881836,200.0
279,0.7237428426742554,3.6227262020111084,8.958799362182617,0.675000011920929,0.6630000472068787,100.0
280,0.10987818241119385,9.027480125427246,6.452184677124023,0.675000011920929,0.6450000405311584,200.0
281,1.7930018901824951,2.4337940216064453,5.783119201660156,0.675000011920929,0.6690000295639038,100.0
282,3.3607065677642822,2.326812267303467,4.92994499206543,0.675000011920929,0.6820000410079956,200.0
283,5.044142723083496,2.7854740619659424,2.015237808227539,0.6500000357627869,0.6830000281333923,100.0
284,8.499350547790527,1.678450107574463,1.4761686325073242,0.6500000357627869,0.6760000586509705,200.0
285,1.0367101430892944,4.852452278137207,3.7116479873657227,0.6500000357627869,0.6640000343322754,100.0
286,1.7259132862091064,2.614400863647461,2.1711831092834473,0.6500000357627869,0.6440000534057617,100.0
287,3.548133373260498,1.850091814994812,4.168055057525635,0.6500000357627869,0.6780000329017639,200.0
288,4.990311145782471,0.9488093852996826,3.400874137878418,0.6500000357627869,0.6620000600814819,200.0
289,6.333852291107178,5.405301094055176,0.5680882930755615,0.6500000357627869,0.675000011920929,200.0
290,1.2624895572662354,3.3883190155029297,1.9745701551437378,0.625,0.6420000195503235,200.0
291,0.048067569732666016,4.425501346588135,7.742982387542725,0.625,0.612000048160553,200.0
292,1.713002324104309,1.1574077606201172,2.5365281105041504,0.625,0.6320000290870667,200.0
293,3.995300531387329,1.0265421867370605,1.1215466260910034,0.574999988079071,0.6070000529289246,100.0
294,8.533159255981445,8.867115020751953,0.10543465614318848,0.574999988079071,0.5879999995231628,100.0
295,3.988867998123169,2.3148388862609863,0.8667361736297607,0.574999988079071,0.6180000305175781,200.0
296,0.016562938690185547,1.7382287979125977,2.0689244270324707,0.5250000357627869,0.5470000505447388,200.0
297,1.902887225151062,7.4734649658203125,0.4396909475326538,0.5250000357627869,0.5840000510215759,200.0
298,9.143926620483398,3.1687164306640625,0.08486807346343994,0.5250000357627869,0.5370000004768372,100.0
299,0.034958720207214355,1.1736607551574707,3.267421245574951,0.5250000357627869,0.5580000281333923,200.0
300,4.673111915588379,2.572314739227295,1.516079306602478,0.699999988079071,0.6930000185966492,200.0
301,9.612110137939453,0.01123964786529541,8.436138153076172,0.699999988079071,0.7250000238418579,200.0
302,0.43612420558929443,0.28870105743408203,3.2288570404052734,0.699999988079071,0.706000030040741,200.0
303,3.9676804542541504,0.20774126052856445,2.5926284790039062,0.699999988079071,0.7110000252723694,200.0
304,4.7645721435546875,7.934394359588623,8.055713653564453,0.675000011920929,0.687000036239624,100.0
305,9.559333801269531,5.002417087554932,4.261270046234131,0.675000011920929,0.6880000233650208,100.0
306,0.8616417646408081,6.833247661590576,7.434788227081299,0.675000011920929,0.7090000510215759,100.0
307,1.5259337425231934,2.869711399078369,9.163284301757812,0.675000011920929,0.7120000123977661,200.0
308,0.7268697023391724,8.644790649414062,9.109038352966309,0.675000011920929,0.7080000042915344,100.0
309,1.1540883779525757,5.339276313781738,7.145046710968018,0.675000011920929,0.7090000510215759,100.0
310,0.5198663473129272,7.969979763031006,5.47789192199707,0.675000011920929,0.7110000252723694,100.0
311,6.068778038024902,0.31157970428466797,2.4257497787475586,0.675000011920929,0.7190000414848328,100.0
312,5.153458595275879,8.845747947692871,3.8286197185516357,0.675000011920929,0.6890000104904175,100.0
313,5.779135227203369,0.3401315212249756,2.903446674346924,0.675000011920929,0.7200000286102295,200.0
314,6.125888824462891,0.7551819086074829,4.936989784240723,0.675000011920929,0.7130000591278076,200.0
315,9.817240715026855,6.370089530944824,7.068662643432617,0.675000011920929,0.6810000538825989,200.0
316,9.820426940917969,0.4617118835449219,5.939622402191162,0.675000011920929,0.7100000381469727,100.0
317,6.976428985595703,6.105897426605225,4.845444679260254,0.675000011920929,0.6860000491142273,200.0
318,5.745940208435059,9.50425910949707,9.189056396484375,0.675000011920929,0.6840000152587891,200.0
319,4.276139736175537,0.9732323884963989,3.3383655548095703,0.675000011920929,0.7100000381469727,100.0
320,4.9451823234558105,0.7933372259140015,1.0416030883789062,0.675000011920929,0.7120000123977661,200.0
321,6.4557037353515625,6.107795238494873,0.8845680952072144,0.675000011920929,0.687000036239624,100.0
322,9.633366584777832,6.058583736419678,7.256138801574707,0.675000011920929,0.6850000619888306,200.0
323,6.242794990539551,7.840133190155029,6.361270904541016,0.675000011920929,0.6860000491142273,200.0
324,9.056923866271973,3.3202128410339355,1.2442821264266968,0.675000011920929,0.6940000057220459,100.0
325,1.1262953281402588,5.267879962921143,1.7786049842834473,0.675000011920929,0.7080000042915344,100.0
326,6.279268741607666,0.7795912027359009,1.0224753618240356,0.675000011920929,0.7090000510215759,100.0
327,3.8886327743530273,2.260612964630127,4.121673583984375,0.675000011920929,0.7080000042915344,100.0
328,0.11170744895935059,5.010920524597168,4.796062469482422,0.675000011920929,0.7210000157356262,200.0
329,6.154134273529053,9.772889137268066,6.023679733276367,0.675000011920929,0.6830000281333923,100.0
330,4.205852508544922,3.8485801219940186,1.133069396018982,0.675000011920929,0.6940000057220459,100.0
331,3.0038208961486816,7.173528671264648,1.3039636611938477,0.675000011920929,0.6950000524520874,200.0
332,7.776837348937988,4.168038368225098,1.11514151096344,0.675000011920929,0.6930000185966492,200.0
333,2.1023356914520264,4.149544715881348,7.946054935455322,0.675000011920929,0.706000030040741,100.0
334,6.882042407989502,8.592592239379883,3.504173755645752,0.675000011920929,0.6800000071525574,200.0
335,1.0003209114074707,9.420646667480469,2.5014638900756836,0.675000011920929,0.7010000348091125,200.0
336,5.679714679718018,3.6003856658935547,0.7892876863479614,0.675000011920929,0.690000057220459,200.0
337,8.464755058288574,8.648388862609863,3.5945076942443848,0.675000011920929,0.6850000619888306,100.0
338,2.6814465522766113,2.207432985305786,1.9226473569869995,0.675000011920929,0.7090000510215759,100.0
339,9.704268455505371,8.650739669799805,9.551218032836914,0.675000011920929,0.6810000538825989,100.0
340,2.8970189094543457,0.2871060371398926,7.591490268707275,0.675000011920929,0.7220000624656677,100.0
341,0.28108417987823486,8.066534996032715,9.336576461791992,0.675000011920929,0.7190000414848328,100.0
342,8.27265453338623,7.50484037399292,3.954178810119629,0.675000011920929,0.6840000152587891,200.0
343,9.69762897491455,0.6644785404205322,5.224886894226074,0.675000011920929,0.7070000171661377,200.0
344,6.349704265594482,7.92708683013916,4.298348426818848,0.675000011920929,0.6860000491142273,200.0
345,3.912200450897217,4.912284851074219,2.5213515758514404,0.675000011920929,0.6980000138282776,100.0
346,3.666062831878662,8.14838695526123,3.0173087120056152,0.675000011920929,0.6940000057220459,200.0
347,7.961429595947266,8.819320678710938,1.6103976964950562,0.675000011920929,0.6840000152587891,200.0
348,1.104382872581482,0.17010629177093506,4.227435111999512,0.675000011920929,0.7080000042915344,100.0
349,8.646231651306152,6.359817981719971,1.382918357849121,0.675000011920929,0.6840000152587891,200.0
350,5.401978969573975,6.176548480987549,1.0384970903396606,0.675000011920929,0.6890000104904175,200.0
351,3.3220374584198,8.886848449707031,2.1255807876586914,0.675000011920929,0.690000057220459,200.0
352,2.958512783050537,8.806224822998047,2.8594815731048584,0.675000011920929,0.6940000057220459,100.0
353,3.434898853302002,0.760837197303772,8.506423950195312,0.675000011920929,0.7200000286102295,200.0
354,4.740910053253174,9.916584014892578,8.33148193359375,0.675000011920929,0.6850000619888306,100.0
355,9.891036987304688,3.3836781978607178,4.817590713500977,0.675000011920929,0.6940000057220459,100.0
356,7.026223659515381,7.962339401245117,0.9707868099212646,0.675000011920929,0.6820000410079956,200.0
357,3.154768466949463,9.002962112426758,4.105960845947266,0.675000011920929,0.6940000057220459,200.0
358,4.760096073150635,0.5759119987487793,6.974517822265625,0.675000011920929,0.7190000414848328,200.0
359,6.245551586151123,8.089651107788086,6.338510036468506,0.675000011920929,0.6890000104904175,100.0
360,3.6579723358154297,9.199810028076172,2.4314637184143066,0.675000011920929,0.6920000314712524,100.0
361,9.954146385192871,0.5501586198806763,8.207234382629395,0.675000011920929,0.7080000042915344,200.0
362,7.702126979827881,8.419072151184082,3.313889980316162,0.675000011920929,0.6780000329017639,200.0
363,1.561935544013977,1.3252055644989014,0.21486401557922363,0.6500000357627869,0.6440000534057617,100.0
364,6.048734188079834,4.6957292556762695,4.674160480499268,0.6500000357627869,0.6950000524520874,100.0
365,8.44616413116455,2.9072940349578857,7.778813362121582,0.6500000357627869,0.6970000267028809,100.0
366,3.5737383365631104,5.500504493713379,3.867096424102783,0.6500000357627869,0.6980000138282776,200.0
367,3.3281702995300293,7.230295658111572,9.582813262939453,0.6500000357627869,0.6960000395774841,100.0
368,8.511396408081055,0.20548522472381592,3.7440638542175293,0.6500000357627869,0.7230000495910645,100.0
369,3.7200517654418945,7.563126087188721,9.850251197814941,0.6500000357627869,0.6950000524520874,100.0
370,6.801019668579102,3.4033596515655518,9.588144302368164,0.6500000357627869,0.6980000138282776,200.0
371,3.731738328933716,8.42226791381836,9.197709083557129,0.6500000357627869,0.6940000057220459,100.0
372,7.406005382537842,5.161672592163086,6.138681888580322,0.6500000357627869,0.6940000057220459,100.0
373,7.610411643981934,1.2919020652770996,8.996570587158203,0.6500000357627869,0.7070000171661377,100.0
374,7.218832015991211,2.0002174377441406,8.3302583694458,0.6500000357627869,0.7010000348091125,100.0
375,4.424615383148193,0.38989245891571045,0.26478052139282227,0.6500000357627869,0.6800000071525574,200.0
376,8.191076278686523,2.370974540710449,4.571885585784912,0.6500000357627869,0.6980000138282776,200.0
377,9.990845680236816,2.7045841217041016,3.93634033203125,0.6500000357627869,0.6990000605583191,200.0
378,6.185004234313965,4.4994120597839355,9.585067749023438,0.6500000357627869,0.6950000524520874,100.0
379,9.904440879821777,3.283665657043457,5.68049955368042,0.6500000357627869,0.6960000395774841,100.0
380,1.386953592300415,7.968029975891113,9.822970390319824,0.6500000357627869,0.7020000219345093,100.0
381,6.383086204528809,3.0320887565612793,4.996508598327637,0.6500000357627869,0.6960000395774841,100.0
382,3.9672021865844727,8.713706016540527,6.613444805145264,0.6500000357627869,0.6940000057220459,200.0
383,3.864746570587158,6.125472068786621,3.426947593688965,0.6500000357627869,0.6950000524520874,100.0
384,2.3304271697998047,9.481339454650879,5.800631523132324,0.6500000357627869,0.6970000267028809,100.0
385,3.7384355068206787,8.056915283203125,9.791410446166992,0.6500000357627869,0.6950000524520874,200.0
386,4.657149791717529,4.675670146942139,7.554466724395752,0.6500000357627869,0.6950000524520874,100.0
387,5.450411319732666,5.871932029724121,4.5731353759765625,0.6500000357627869,0.6950000524520874,200.0
388,5.458848476409912,2.002377510070801,7.66263484954834,0.6500000357627869,0.7070000171661377,200.0
389,6.977026462554932,4.3198113441467285,7.59604024887085,0.6500000357627869,0.6940000057220459,200.0
390,5.457840919494629,2.6359570026397705,3.254828929901123,0.6500000357627869,0.7010000348091125,200.0
391,4.932735443115234,0.01546025276184082,4.4973955154418945,0.6500000357627869,0.7230000495910645,100.0
392,2.4638671875,8.05061149597168,8.245809555053711,0.6500000357627869,0.6980000138282776,100.0
393,8.610984802246094,3.192192316055298,6.481789588928223,0.6500000357627869,0.6950000524520874,200.0
394,3.728036880493164,2.6307320594787598,9.39400863647461,0.6500000357627869,0.7070000171661377,200.0
395,8.800105094909668,1.6436082124710083,4.026976585388184,0.6500000357627869,0.7040000557899475,200.0
396,8.910887718200684,8.600412368774414,0.022313594818115234,0.625,0.6030000448226929,100.0
397,1.262701153755188,6.708866119384766,0.4946446418762207,0.625,0.6980000138282776,200.0
398,9.285938262939453,9.269376754760742,0.11298239231109619,0.625,0.675000011920929,100.0
399,1.481449007987976,1.7373520135879517,0.10931432247161865,0.5250000357627869,0.5770000219345093,200.0
400,8.184734344482422,5.268070697784424,8.634761810302734,0.800000011920929,0.7780000567436218,100.0
401,4.616918087005615,8.670319557189941,0.18532514572143555,0.800000011920929,0.7750000357627869,100.0
402,3.871614456176758,9.21125316619873,6.937826156616211,0.800000011920929,0.7790000438690186,100.0
403,5.793697834014893,7.666794776916504,8.715292930603027,0.800000011920929,0.781000018119812,100.0
404,9.114587783813477,7.065532207489014,9.490918159484863,0.800000011920929,0.7820000648498535,200.0
405,6.899823188781738,3.872187614440918,0.5570250749588013,0.800000011920929,0.7730000615119934,100.0
406,8.19894790649414,0.9893274307250977,9.791566848754883,0.800000011920929,0.7600000500679016,100.0
407,7.851073741912842,7.133801460266113,9.106204986572266,0.800000011920929,0.7800000309944153,200.0
408,7.753908634185791,8.101859092712402,3.878821849822998,0.800000011920929,0.7820000648498535,100.0
409,7.507748603820801,4.375571250915527,8.709003448486328,0.800000011920929,0.7770000100135803,200.0
410,6.946703910827637,7.767751693725586,9.013595581054688,0.800000011920929,0.781000018119812,200.0
411,8.904813766479492,3.4242093563079834,9.30154037475586,0.800000011920929,0.7720000147819519,100.0
412,6.506674766540527,9.80342960357666,5.469481945037842,0.800000011920929,0.7820000648498535,200.0
413,9.076285362243652,4.674249172210693,8.792778015136719,0.800000011920929,0.7780000567436218,200.0
414,5.097681999206543,4.669162750244141,0.47268033027648926,0.800000011920929,0.7680000066757202,200.0
415,8.92530632019043,4.207305908203125,5.9411211013793945,0.800000011920929,0.7740000486373901,200.0
416,9.42166805267334,4.125581741333008,2.925311326980591,0.800000011920929,0.7750000357627869,200.0
417,9.541239738464355,7.161097049713135,7.879416465759277,0.800000011920929,0.7860000133514404,200.0
418,9.812560081481934,6.51375675201416,9.99185848236084,0.800000011920929,0.7800000309944153,200.0
419,8.609798431396484,8.345636367797852,7.886845588684082,0.800000011920929,0.781000018119812,100.0
420,4.856276512145996,9.074681282043457,3.736546039581299,0.800000011920929,0.7790000438690186,100.0
421,8.962185859680176,3.2301485538482666,7.352456569671631,0.800000011920929,0.7730000615119934,200.0
422,6.217734336853027,8.368391990661621,7.3100714683532715,0.800000011920929,0.7820000648498535,100.0
423,9.418542861938477,1.0983073711395264,3.363969326019287,0.800000011920929,0.7590000629425049,100.0
424,8.738704681396484,5.791787147521973,0.46832025051116943,0.7750000357627869,0.7800000309944153,200.0
425,8.88298511505127,4.665424823760986,0.09731948375701904,0.7750000357627869,0.7710000276565552,100.0
426,2.208815813064575,8.667562484741211,9.66244888305664,0.7750000357627869,0.7680000066757202,200.0
427,8.360089302062988,0.5803704261779785,3.007054328918457,0.7750000357627869,0.7540000081062317,200.0
428,3.897040367126465,7.456751346588135,6.35587215423584,0.7750000357627869,0.7730000615119934,100.0
429,2.6215009689331055,6.878568649291992,8.746706008911133,0.7750000357627869,0.7660000324249268,100.0
430,6.384051322937012,3.009493350982666,3.276210308074951,0.7750000357627869,0.7710000276565552,200.0
431,0.6662940979003906,4.864548683166504,2.4471144676208496,0.7750000357627869,0.7430000305175781,200.0
432,0.0021380186080932617,0.0643378496170044,2.2660458087921143,0.7750000357627869,0.7280000448226929,200.0
433,4.468807220458984,5.169280052185059,6.99558687210083,0.7750000357627869,0.7710000276565552,200.0
434,0.2152043581008911,3.6545867919921875,3.9242184162139893,0.7750000357627869,0.7390000224113464,200.0
435,3.163788318634033,7.876174449920654,7.999697685241699,0.7750000357627869,0.7730000615119934,100.0
436,4.055520057678223,4.447043418884277,5.380858421325684,0.7750000357627869,0.7670000195503235,100.0
437,2.1419858932495117,7.592863082885742,2.338290214538574,0.7750000357627869,0.7660000324249268,100.0
438,5.6417059898376465,4.31656551361084,4.2374444007873535,0.7750000357627869,0.7740000486373901,100.0
439,2.3615503311157227,9.227240562438965,6.158475875854492,0.7750000357627869,0.7690000534057617,200.0
440,0.4893839359283447,1.1068636178970337,5.123996734619141,0.7750000357627869,0.7380000352859497,200.0
441,1.4078831672668457,1.4991790056228638,0.597795844078064,0.7750000357627869,0.7280000448226929,200.0
442,4.779932498931885,6.679744720458984,6.598147869110107,0.7750000357627869,0.7730000615119934,100.0
443,6.110870361328125,0.33806324005126953,3.0520522594451904,0.7750000357627869,0.7430000305175781,200.0
444,6.151325702667236,2.5210177898406982,6.453112602233887,0.7750000357627869,0.7680000066757202,200.0
445,1.7261838912963867,4.468936443328857,0.9616583585739136,0.7750000357627869,0.7500000596046448,100.0
446,2.174382209777832,4.263811111450195,0.6746858358383179,0.7750000357627869,0.7480000257492065,100.0
447,9.024670600891113,2.772703170776367,4.31874942779541,0.7750000357627869,0.7700000405311584,200.0
448,8.60068416595459,1.5712589025497437,3.0080389976501465,0.7750000357627869,0.7680000066757202,100.0
449,2.249755382537842,7.802298545837402,9.099164962768555,0.7750000357627869,0.7670000195503235,100.0
450,5.869256019592285,5.34043025970459,0.7442128658294678,0.7750000357627869,0.7770000100135803,100.0
451,7.673557281494141,1.9793862104415894,3.804391622543335,0.7750000357627869,0.7660000324249268,100.0
452,2.5354373455047607,5.904297828674316,4.421463489532471,0.7750000357627869,0.7670000195503235,100.0
453,0.7990002632141113,0.25686144828796387,8.667880058288574,0.7750000357627869,0.7400000095367432,200.0
454,7.437211990356445,2.5443029403686523,0.9468120336532593,0.7750000357627869,0.7670000195503235,100.0
455,7.264472007751465,2.1688294410705566,1.4873981475830078,0.7750000357627869,0.76500004529953,100.0
456,3.912503242492676,5.06990385055542,1.63554847240448,0.7750000357627869,0.7730000615119934,200.0
457,2.1678829193115234,2.435551166534424,1.5700435638427734,0.7750000357627869,0.7520000338554382,100.0
458,2.272517204284668,9.796098709106445,3.0931906700134277,0.7750000357627869,0.7740000486373901,200.0
459,9.038934707641602,2.558562755584717,6.380317211151123,0.7750000357627869,0.7710000276565552,100.0
460,1.884169578552246,0.243072509765625,3.729094982147217,0.7750000357627869,0.737000048160553,100.0
461,0.5948680639266968,8.599249839782715,0.49806296825408936,0.7750000357627869,0.7430000305175781,200.0
462,9.127264976501465,2.7704572677612305,4.198458194732666,0.7750000357627869,0.7720000147819519,200.0
463,6.265103816986084,8.430005073547363,4.485574722290039,0.7750000357627869,0.7790000438690186,100.0
464,1.6379982233047485,1.8352985382080078,1.8471384048461914,0.7750000357627869,0.7440000176429749,200.0
465,0.8241301774978638,6.980485439300537,0.6225728988647461,0.7750000357627869,0.7420000433921814,200.0
466,1.4848285913467407,8.290671348571777,0.55367112159729,0.7750000357627869,0.7570000290870667,200.0
467,0.3357374668121338,0.6585907936096191,5.74372673034668,0.7750000357627869,0.7440000176429749,200.0
468,0.6787419319152832,5.006382465362549,2.0730936527252197,0.7750000357627869,0.7440000176429749,100.0
469,2.7360148429870605,1.4027667045593262,0.83426833152771,0.7750000357627869,0.7420000433921814,200.0
470,2.8059303760528564,3.6929917335510254,6.375516891479492,0.75,0.7590000629425049,200.0
471,3.3771395683288574,0.9097206592559814,6.729502201080322,0.75,0.7510000467300415,200.0
472,2.3687684535980225,1.3446158170700073,6.527344703674316,0.75,0.753000020980835,200.0
473,0.911719799041748,6.391746520996094,2.2012810707092285,0.75,0.7500000596046448,200.0
474,5.533038139343262,1.4510881900787354,8.455310821533203,0.75,0.7580000162124634,100.0
475,1.065690517425537,5.45386266708374,4.617889404296875,0.75,0.7510000467300415,200.0
476,1.8911969661712646,6.558545112609863,7.131025314331055,0.75,0.7600000500679016,200.0
477,2.9836673736572266,4.452061653137207,9.849871635437012,0.75,0.7590000629425049,200.0
478,2.4402713775634766,3.536515235900879,8.887149810791016,0.75,0.7540000081062317,100.0
479,7.895416259765625,0.30882298946380615,4.973955154418945,0.75,0.7450000643730164,100.0
480,4.595699310302734,2.716435194015503,1.3058704137802124,0.75,0.7630000114440918,200.0
481,0.8151882886886597,5.014132976531982,6.038236618041992,0.75,0.7500000596046448,100.0
482,3.089315891265869,0.8828872442245483,8.013092041015625,0.75,0.7510000467300415,200.0
483,2.901902675628662,4.338939189910889,3.1078476905822754,0.75,0.76500004529953,200.0
484,4.743720054626465,1.0110628604888916,2.376870632171631,0.75,0.7510000467300415,200.0
485,4.983341693878174,2.2448782920837402,4.987343788146973,0.75,0.7580000162124634,100.0
486,6.228921413421631,0.7345885038375854,7.252129554748535,0.75,0.7570000290870667,200.0
487,6.709836959838867,1.1211878061294556,7.814316272735596,0.75,0.7590000629425049,100.0
488,0.2515667676925659,9.940770149230957,7.152431011199951,0.75,0.7490000128746033,200.0
489,3.8056516647338867,2.9511749744415283,7.163553714752197,0.75,0.7590000629425049,100.0
490,1.554882526397705,3.1584835052490234,3.756561756134033,0.75,0.7490000128746033,100.0
491,2.355130910873413,4.700068473815918,2.780043601989746,0.75,0.7560000419616699,100.0
492,3.7979257106781006,2.546377182006836,8.527363777160645,0.75,0.7590000629425049,100.0
493,2.0381271839141846,5.497494220733643,3.092618465423584,0.75,0.7590000629425049,200.0
494,2.0529401302337646,6.7515177726745605,1.9630950689315796,0.75,0.76500004529953,200.0
495,1.8992096185684204,5.296281814575195,5.365717887878418,0.75,0.7600000500679016,100.0
496,1.0213696956634521,4.541092872619629,4.004266262054443,0.75,0.7490000128746033,100.0
497,6.140158176422119,1.7649483680725098,3.843553066253662,0.75,0.7580000162124634,200.0
498,7.668812274932861,0.5705708265304565,7.564314842224121,0.75,0.753000020980835,200.0
499,0.41376471519470215,7.517472267150879,3.842664957046509,0.75,0.7450000643730164,200.0
500,7.944790840148926,0.02963840961456299,1.6514313220977783,0.75,0.6950000524520874,200.0
501,4.032049655914307,4.153183937072754,0.15596508979797363,0.75,0.7070000171661377,200.0
502,5.633225440979004,1.215517520904541,0.3096354007720947,0.7250000238418579,0.7160000205039978,200.0
503,5.745663642883301,3.552902936935425,9.270259857177734,0.699999988079071,0.7260000109672546,100.0
504,8.685127258300781,5.00107479095459,3.5549159049987793,0.699999988079071,0.7270000576972961,100.0
505,5.474981784820557,4.8874831199646,6.113010406494141,0.699999988079071,0.7260000109672546,200.0
506,5.316257953643799,4.817657947540283,0.44700443744659424,0.699999988079071,0.7220000624656677,100.0
507,5.76392936706543,6.161563396453857,0.8598732948303223,0.699999988079071,0.7290000319480896,100.0
508,4.966676235198975,6.203423500061035,3.6429238319396973,0.699999988079071,0.7280000448226929,100.0
509,7.8375043869018555,4.93032693862915,0.6857013702392578,0.699999988079071,0.7260000109672546,200.0
510,7.971244812011719,0.03848075866699219,1.2880611419677734,0.699999988079071,0.6980000138282776,200.0
511,0.3851062059402466,0.26680946350097656,1.6100800037384033,0.699999988079071,0.7010000348091125,200.0
512,8.803865432739258,4.004219055175781,0.24290919303894043,0.699999988079071,0.7230000495910645,100.0
513,9.35938549041748,1.9924122095108032,2.076699733734131,0.699999988079071,0.7240000367164612,100.0
514,0.026504993438720703,4.990714073181152,3.6561827659606934,0.699999988079071,0.7110000252723694,200.0
515,8.442042350769043,4.21069860458374,7.53065299987793,0.699999988079071,0.7330000400543213,200.0
516,8.743892669677734,3.180661201477051,4.889604568481445,0.699999988079071,0.7280000448226929,100.0
517,6.052582740783691,6.601338863372803,1.2190622091293335,0.699999988079071,0.7280000448226929,200.0
518,4.445659637451172,5.277933597564697,6.824798583984375,0.699999988079071,0.7260000109672546,200.0
519,6.661672115325928,6.208281993865967,6.276707649230957,0.675000011920929,0.7280000448226929,200.0
520,2.6109158992767334,3.096404552459717,6.700656414031982,0.675000011920929,0.7190000414848328,200.0
521,6.398985862731934,9.26475715637207,1.3957297801971436,0.675000011920929,0.7300000190734863,200.0
522,5.0131330490112305,8.603212356567383,4.770588397979736,0.675000011920929,0.7280000448226929,100.0
523,1.4927059412002563,5.824161052703857,2.6590240001678467,0.675000011920929,0.7210000157356262,100.0
524,7.925837516784668,7.381184101104736,1.334000825881958,0.675000011920929,0.7290000319480896,200.0
525,9.289785385131836,4.424897193908691,9.78645133972168,0.675000011920929,0.7270000576972961,100.0
526,0.8537554740905762,7.497513771057129,4.090602397918701,0.675000011920929,0.7220000624656677,200.0
527,2.44921875,6.843647003173828,4.564642906188965,0.675000011920929,0.7210000157356262,200.0
528,7.206116676330566,8.306010246276855,4.198731899261475,0.675000011920929,0.7270000576972961,100.0
529,2.787618637084961,4.309142112731934,7.601311683654785,0.675000011920929,0.7230000495910645,100.0
530,4.128450393676758,3.877631425857544,8.073197364807129,0.675000011920929,0.7240000367164612,200.0
531,1.0958659648895264,8.682170867919922,7.862829685211182,0.675000011920929,0.7210000157356262,100.0
532,3.9754199981689453,3.1684958934783936,1.9452351331710815,0.675000011920929,0.7220000624656677,200.0
533,5.501816749572754,1.9491970539093018,1.5952908992767334,0.675000011920929,0.7250000238418579,100.0
534,4.901015758514404,1.394418478012085,8.034814834594727,0.675000011920929,0.7220000624656677,100.0
535,9.685795783996582,4.741207122802734,9.860450744628906,0.675000011920929,0.7270000576972961,200.0
536,1.9324636459350586,9.816494941711426,9.88168716430664,0.675000011920929,0.7240000367164612,200.0
537,9.722236633300781,4.686243057250977,2.6184701919555664,0.675000011920929,0.7240000367164612,100.0
538,3.2803964614868164,1.0367965698242188,3.857947587966919,0.675000011920929,0.7190000414848328,200.0
539,6.082833290100098,1.7110353708267212,8.35777473449707,0.675000011920929,0.7220000624656677,200.0
540,1.3024133443832397,2.2267353534698486,8.250238418579102,0.675000011920929,0.718000054359436,200.0
541,1.6798192262649536,4.337460994720459,8.984745979309082,0.675000011920929,0.7190000414848328,200.0
542,4.093084812164307,6.7080793380737305,3.4165101051330566,0.675000011920929,0.7240000367164612,200.0
543,0.220261812210083,7.702565670013428,7.794037818908691,0.675000011920929,0.718000054359436,100.0
544,0.43208837509155273,2.923274040222168,9.454367637634277,0.675000011920929,0.7170000076293945,200.0
545,4.29597806930542,2.4783711433410645,5.048304557800293,0.675000011920929,0.7210000157356262,200.0
546,0.42973577976226807,9.800272941589355,7.160611152648926,0.675000011920929,0.7190000414848328,200.0
547,0.8297121524810791,2.025156021118164,6.111438274383545,0.675000011920929,0.7140000462532043,100.0
548,8.636064529418945,9.893588066101074,8.058539390563965,0.675000011920929,0.7280000448226929,100.0
549,7.309408187866211,7.215278148651123,5.88250207901001,0.675000011920929,0.7280000448226929,200.0
550,5.40076208114624,3.894746780395508,9.473699569702148,0.675000011920929,0.7220000624656677,100.0
551,7.182269096374512,3.718893051147461,9.356653213500977,0.675000011920929,0.7250000238418579,200.0
552,7.151973724365234,4.130180358886719,8.05906867980957,0.675000011920929,0.7240000367164612,200.0
553,4.16442346572876,2.219534397125244,8.383302688598633,0.675000011920929,0.7200000286102295,100.0
554,5.490939617156982,3.8036231994628906,2.327681064605713,0.675000011920929,0.7240000367164612,200.0
555,9.210611343383789,0.3227853775024414,0.879555344581604,0.675000011920929,0.7190000414848328,100.0
556,1.0156744718551636,6.1803669929504395,8.630392074584961,0.675000011920929,0.7200000286102295,100.0
557,8.209735870361328,2.9449641704559326,2.003711462020874,0.675000011920929,0.7240000367164612,200.0
558,0.7867228984832764,1.5071779489517212,4.253236770629883,0.675000011920929,0.7120000123977661,200.0
559,5.666736602783203,8.57024097442627,4.765625476837158,0.675000011920929,0.7280000448226929,100.0
560,0.3968149423599243,9.249004364013672,7.5826640129089355,0.675000011920929,0.7190000414848328,100.0
561,3.2553839683532715,2.553102493286133,2.8270113468170166,0.675000011920929,0.7190000414848328,200.0
562,2.4194211959838867,5.018786907196045,4.282967567443848,0.675000011920929,0.7220000624656677,200.0
563,1.9211381673812866,5.746431350708008,4.86962366104126,0.675000011920929,0.7220000624656677,100.0
564,6.346557140350342,1.0409951210021973,7.877335548400879,0.675000011920929,0.7220000624656677,200.0
565,3.2025604248046875,5.103428363800049,3.4598374366760254,0.675000011920929,0.7240000367164612,200.0
566,8.408349990844727,6.108011722564697,7.831991195678711,0.675000011920929,0.7260000109672546,200.0
567,2.9458351135253906,8.152913093566895,1.8305116891860962,0.675000011920929,0.7220000624656677,200.0
568,0.9636527299880981,2.324084758758545,3.150088310241699,0.675000011920929,0.7190000414848328,100.0
569,5.189573764801025,3.1971800327301025,7.1609787940979,0.675000011920929,0.7250000238418579,200.0
570,7.825685024261475,7.745384216308594,2.983170747756958,0.675000011920929,0.7270000576972961,100.0
571,3.719539165496826,3.806102752685547,4.815073013305664,0.675000011920929,0.7230000495910645,200.0
572,8.709240913391113,5.139706611633301,8.848711013793945,0.675000011920929,0.7270000576972961,100.0
573,2.082064628601074,8.855751991271973,4.7665863037109375,0.675000011920929,0.7240000367164612,200.0
574,6.301360607147217,6.831117630004883,3.3748233318328857,0.675000011920929,0.7270000576972961,200.0
575,9.835034370422363,9.070257186889648,7.49373722076416,0.675000011920929,0.7280000448226929,100.0
576,9.428378105163574,4.632867813110352,8.109041213989258,0.675000011920929,0.7290000319480896,100.0
577,3.9019429683685303,6.9495768547058105,8.587227821350098,0.675000011920929,0.7230000495910645,100.0
578,5.216732501983643,7.579010009765625,8.557743072509766,0.675000011920929,0.7280000448226929,100.0
579,5.372608184814453,0.540357232093811,8.284549713134766,0.675000011920929,0.7200000286102295,100.0
580,1.611763834953308,4.635672092437744,1.1099952459335327,0.675000011920929,0.7200000286102295,100.0
581,1.1828416585922241,7.105172157287598,8.471967697143555,0.675000011920929,0.7190000414848328,200.0
582,3.245021104812622,4.974827289581299,3.675945281982422,0.675000011920929,0.7240000367164612,200.0
583,1.4457982778549194,1.4632797241210938,4.12497091293335,0.675000011920929,0.7190000414848328,200.0
584,0.4313927888870239,2.6693058013916016,3.872488021850586,0.675000011920929,0.7200000286102295,100.0
585,1.9881689548492432,3.63633394241333,7.5162129402160645,0.675000011920929,0.7190000414848328,100.0
586,9.210826873779297,2.837843418121338,7.1184611320495605,0.675000011920929,0.7260000109672546,200.0
587,9.144522666931152,2.4727768898010254,0.7411658763885498,0.675000011920929,0.7240000367164612,200.0
588,6.099733352661133,0.20748257637023926,5.527736663818359,0.675000011920929,0.7150000333786011,100.0
589,4.893952369689941,0.49648165702819824,1.3729935884475708,0.675000011920929,0.718000054359436,200.0
590,8.800457000732422,1.8068647384643555,2.590181350708008,0.675000011920929,0.7210000157356262,200.0
591,1.6509485244750977,9.576454162597656,5.840939521789551,0.675000011920929,0.7230000495910645,100.0
592,7.693129062652588,6.91989803314209,5.341768264770508,0.675000011920929,0.7260000109672546,200.0
593,4.553785800933838,3.1691062450408936,3.2977914810180664,0.675000011920929,0.7190000414848328,200.0
594,5.77718448638916,2.0243148803710938,4.791888236999512,0.675000011920929,0.7210000157356262,200.0
595,7.873239517211914,3.1029434204101562,3.9556431770324707,0.675000011920929,0.7240000367164612,200.0
596,1.9101423025131226,6.947202205657959,3.9551992416381836,0.675000011920929,0.7230000495910645,200.0
597,5.315983295440674,3.929841995239258,2.8291897773742676,0.675000011920929,0.7250000238418579,200.0
598,1.9551318883895874,1.4364546537399292,5.252777099609375,0.675000011920929,0.7150000333786011,200.0
599,6.356013298034668,8.74498176574707,3.8918237686157227,0.6500000357627869,0.7250000238418579,200.0
600,8.827864646911621,7.86551570892334,4.869046688079834,0.8292682766914368,0.7020000219345093,200.0
601,8.478641510009766,7.818116664886475,6.649082183837891,0.8292682766914368,0.703000009059906,200.0
602,8.147989273071289,8.298246383666992,7.163646221160889,0.8048779964447021,0.7120000123977661,200.0
603,8.083320617675781,6.506249904632568,2.799771308898926,0.8048779964447021,0.7140000462532043,100.0
604,8.249489784240723,8.774173736572266,2.331615686416626,0.8048779964447021,0.7070000171661377,100.0
605,6.974664688110352,8.247772216796875,6.738857746124268,0.8048779964447021,0.7070000171661377,200.0
606,6.842300891876221,7.30501651763916,5.174760341644287,0.8048779964447021,0.7120000123977661,100.0
607,9.485990524291992,9.077346801757812,9.910660743713379,0.8048779964447021,0.7120000123977661,200.0
608,8.765463829040527,4.947002410888672,4.9066667556762695,0.8048779964447021,0.7110000252723694,200.0
609,9.228708267211914,6.545007228851318,4.230470180511475,0.8048779964447021,0.7120000123977661,100.0
610,7.263389587402344,8.032215118408203,6.802988052368164,0.8048779964447021,0.7120000123977661,200.0
611,8.001240730285645,8.373672485351562,7.565722942352295,0.8048779964447021,0.7120000123977661,200.0
612,8.689614295959473,4.08355712890625,9.90641975402832,0.8048779964447021,0.7140000462532043,100.0
613,6.8308258056640625,6.743188858032227,8.320956230163574,0.8048779964447021,0.7090000510215759,200.0
614,9.511425971984863,5.861069679260254,9.934922218322754,0.8048779964447021,0.7080000042915344,200.0
615,7.159328460693359,7.979168891906738,9.79331111907959,0.8048779964447021,0.7110000252723694,200.0
616,7.571542263031006,8.087743759155273,1.3132566213607788,0.8048779964447021,0.7050000429153442,100.0
617,7.954980850219727,7.130770683288574,6.28339958190918,0.8048779964447021,0.7040000557899475,200.0
618,6.323217391967773,9.904741287231445,3.520761728286743,0.8048779964447021,0.7110000252723694,200.0
619,9.466324806213379,6.32218599319458,5.243267059326172,0.8048779964447021,0.7130000591278076,200.0
620,2.3202567100524902,6.794744491577148,0.7350128889083862,0.7804877758026123,0.7050000429153442,200.0
621,1.3452452421188354,8.150748252868652,3.833136558532715,0.7804877758026123,0.7100000381469727,100.0
622,8.618688583374023,6.277087211608887,5.196052551269531,0.7804877758026123,0.7050000429153442,200.0
623,5.06434440612793,4.401333808898926,0.7434296607971191,0.7804877758026123,0.7070000171661377,100.0
624,3.5874903202056885,9.199413299560547,5.585951805114746,0.7804877758026123,0.7090000510215759,200.0
625,6.190263748168945,5.536787986755371,6.159233570098877,0.7804877758026123,0.7080000042915344,200.0
626,8.336345672607422,3.501875877380371,0.4367274045944214,0.7804877758026123,0.7000000476837158,100.0
627,2.907723903656006,2.97465443611145,4.167352199554443,0.7804877758026123,0.7080000042915344,100.0
628,3.3556418418884277,5.343994140625,5.230247497558594,0.7804877758026123,0.7090000510215759,200.0
629,1.2962090969085693,6.002192497253418,3.5212671756744385,0.7804877758026123,0.7080000042915344,200.0
630,3.1761586666107178,6.6313581466674805,5.831353187561035,0.7804877758026123,0.7110000252723694,100.0
631,1.1032116413116455,8.648638725280762,1.4329522848129272,0.7804877758026123,0.706000030040741,100.0
632,1.3634884357452393,8.858095169067383,0.6318479776382446,0.7804877758026123,0.7000000476837158,100.0
633,5.182319641113281,8.478785514831543,8.589479446411133,0.7804877758026123,0.7070000171661377,200.0
634,7.004239559173584,6.13804292678833,1.1009806394577026,0.7804877758026123,0.7070000171661377,100.0
635,6.4139556884765625,3.3475165367126465,6.517924785614014,0.7804877758026123,0.7100000381469727,100.0
636,7.674053192138672,2.8198671340942383,2.0127034187316895,0.7804877758026123,0.7110000252723694,200.0
637,9.5472993850708,1.4322233200073242,2.700605869293213,0.7804877758026123,0.7100000381469727,200.0
638,9.62375259399414,4.899685859680176,7.433728218078613,0.7804877758026123,0.706000030040741,100.0
639,1.1136949062347412,8.457714080810547,5.5790557861328125,0.7804877758026123,0.7070000171661377,200.0
640,5.329153060913086,7.825735092163086,0.3619605302810669,0.7804877758026123,0.6970000267028809,200.0
641,1.6051924228668213,9.47454833984375,3.9762938022613525,0.7804877758026123,0.7100000381469727,100.0
642,6.49867057800293,1.2486493587493896,7.618391036987305,0.7804877758026123,0.7090000510215759,100.0
643,0.9729957580566406,9.377636909484863,2.0940489768981934,0.7804877758026123,0.7080000042915344,100.0
644,2.313896417617798,2.7432150840759277,2.10972261428833,0.7804877758026123,0.7090000510215759,100.0
645,3.323975086212158,3.168795585632324,4.019135475158691,0.7804877758026123,0.7070000171661377,200.0
646,4.8157172203063965,7.056397438049316,8.33366870880127,0.7804877758026123,0.7100000381469727,200.0
647,7.1167778968811035,7.7446513175964355,0.5193382501602173,0.7804877758026123,0.7000000476837158,200.0
648,5.051400661468506,2.6880788803100586,8.507866859436035,0.7804877758026123,0.7110000252723694,200.0
649,9.373064041137695,4.139504432678223,6.591294288635254,0.7804877758026123,0.7110000252723694,100.0
650,5.967456817626953,3.167745590209961,1.1445367336273193,0.7804877758026123,0.7090000510215759,100.0
651,2.6720376014709473,4.489151954650879,7.8092474937438965,0.7804877758026123,0.7100000381469727,200.0
652,9.325170516967773,1.7085546255111694,5.043755531311035,0.7804877758026123,0.7130000591278076,200.0
653,3.7935142517089844,3.902418613433838,1.8588775396347046,0.7804877758026123,0.7100000381469727,200.0
654,8.461262702941895,5.0403852462768555,0.4529893398284912,0.7804877758026123,0.7050000429153442,100.0
655,2.071690559387207,8.688090324401855,1.1019694805145264,0.7804877758026123,0.706000030040741,100.0
656,2.9345345497131348,8.706367492675781,1.6617989540100098,0.7804877758026123,0.706000030040741,200.0
657,1.993696689605713,5.10801362991333,4.407615661621094,0.7804877758026123,0.7090000510215759,200.0
658,9.901564598083496,1.9103777408599854,8.981986045837402,0.7804877758026123,0.7140000462532043,200.0
659,4.42581844329834,2.661447525024414,5.40055513381958,0.7804877758026123,0.7110000252723694,100.0
660,6.669979572296143,3.436443328857422,9.388916969299316,0.7804877758026123,0.7090000510215759,200.0
661,7.774675369262695,0.9100282192230225,7.666855335235596,0.7804877758026123,0.7090000510215759,100.0
662,1.479736566543579,4.6107096672058105,6.160256385803223,0.7804877758026123,0.7090000510215759,100.0
663,2.5191986560821533,9.223158836364746,4.654083728790283,0.7804877758026123,0.7110000252723694,100.0
664,8.13846492767334,5.783434867858887,3.8440842628479004,0.7804877758026123,0.7070000171661377,100.0
665,5.359092712402344,6.90980863571167,0.9107667207717896,0.7804877758026123,0.706000030040741,200.0
666,2.752713680267334,4.741594314575195,5.807390213012695,0.7804877758026123,0.7100000381469727,100.0
667,4.405615329742432,1.211588978767395,8.050260543823242,0.7804877758026123,0.7090000510215759,100.0
668,1.0752129554748535,6.85671854019165,7.906155109405518,0.7804877758026123,0.7080000042915344,100.0
669,5.777103900909424,8.66261100769043,5.553862571716309,0.7804877758026123,0.7050000429153442,100.0
670,1.2825369834899902,7.958950996398926,4.134361743927002,0.7804877758026123,0.7100000381469727,100.0
671,6.691906452178955,1.5281671285629272,7.01809024810791,0.7804877758026123,0.7090000510215759,200.0
672,9.428454399108887,2.819004535675049,3.1472384929656982,0.7804877758026123,0.7100000381469727,100.0
673,1.441776156425476,9.719651222229004,5.202635765075684,0.7804877758026123,0.7090000510215759,100.0
674,2.2258877754211426,5.9558563232421875,0.22171258926391602,0.7804877758026123,0.6770000457763672,100.0
675,6.683333396911621,6.585967540740967,0.7526427507400513,0.7804877758026123,0.6990000605583191,200.0
676,0.764496922492981,5.419801712036133,0.9296679496765137,0.7560975551605225,0.7010000348091125,200.0
677,0.3098583221435547,7.811748504638672,9.795295715332031,0.7560975551605225,0.7110000252723694,200.0
678,2.420654773712158,2.2286863327026367,3.1916613578796387,0.7560975551605225,0.7090000510215759,100.0
679,0.20593345165252686,1.4603066444396973,7.743249416351318,0.7560975551605225,0.6990000605583191,200.0
680,0.9021550416946411,3.9798736572265625,0.5387836694717407,0.7560975551605225,0.6940000057220459,100.0
681,0.9638017416000366,6.3771586418151855,0.9090524911880493,0.7560975551605225,0.706000030040741,100.0
682,0.66506028175354,1.1486804485321045,5.447778224945068,0.7560975551605225,0.7050000429153442,200.0
683,0.9953588247299194,5.028514862060547,6.351743221282959,0.7560975551605225,0.7100000381469727,200.0
684,1.8512630462646484,4.018620491027832,0.9564089775085449,0.7560975551605225,0.7050000429153442,200.0
685,3.6989192962646484,1.1061286926269531,7.008133888244629,0.7560975551605225,0.7110000252723694,100.0
686,5.00205135345459,0.914766788482666,5.167302131652832,0.7560975551605225,0.7100000381469727,100.0
687,0.7711660861968994,7.256383895874023,6.9745354652404785,0.7560975551605225,0.7080000042915344,100.0
688,0.6846880912780762,4.54720401763916,3.327497959136963,0.7560975551605225,0.706000030040741,100.0
689,0.33563196659088135,7.449672222137451,9.4757719039917,0.7560975551605225,0.7120000123977661,200.0
690,7.031185626983643,0.5467689037322998,7.062475204467773,0.7560975551605225,0.7080000042915344,200.0
691,1.804060935974121,3.0130081176757812,6.037435054779053,0.7560975551605225,0.7100000381469727,100.0
692,8.251823425292969,0.5380386114120483,0.4826098680496216,0.7560975551605225,0.690000057220459,200.0
693,1.242154836654663,2.1753029823303223,7.862338066101074,0.7560975551605225,0.7120000123977661,200.0
694,2.959077835083008,0.396198034286499,7.9042840003967285,0.7560975551605225,0.706000030040741,200.0
695,4.750813961029053,0.39954185485839844,0.864223837852478,0.7560975551605225,0.6980000138282776,100.0
696,6.398769378662109,1.7150181531906128,0.26949405670166016,0.7560975551605225,0.687000036239624,200.0
697,8.548465728759766,0.22423088550567627,3.3598380088806152,0.7560975551605225,0.6990000605583191,200.0
698,0.4089003801345825,7.680717468261719,1.5716350078582764,0.7560975551605225,0.7040000557899475,200.0
699,6.697394847869873,2.9531760215759277,0.03062307834625244,0.6585365533828735,0.6190000176429749,200.0
700,9.389742851257324,7.737746715545654,3.016716957092285,0.699999988079071,0.7380000352859497,200.0
701,9.123119354248047,9.355494499206543,0.6855571269989014,0.699999988079071,0.7470000386238098,200.0
702,8.875041007995605,7.634291648864746,5.79702615737915,0.699999988079071,0.7380000352859497,200.0
703,8.774214744567871,9.224199295043945,8.286608695983887,0.699999988079071,0.7390000224113464,100.0
704,8.131782531738281,8.929835319519043,1.0749995708465576,0.699999988079071,0.7400000095367432,100.0
705,6.078192710876465,9.207133293151855,8.0537691116333,0.699999988079071,0.7350000143051147,200.0
706,6.8630266189575195,7.31199312210083,2.9572935104370117,0.699999988079071,0.7400000095367432,200.0
707,7.280723571777344,8.386629104614258,7.821083068847656,0.699999988079071,0.7390000224113464,100.0
708,6.732585906982422,8.442691802978516,8.249088287353516,0.699999988079071,0.7390000224113464,100.0
709,9.672161102294922,7.963914394378662,0.44002771377563477,0.699999988079071,0.7460000514984131,100.0
710,9.43525218963623,4.673338413238525,3.6803972721099854,0.675000011920929,0.7280000448226929,200.0
711,7.08842658996582,9.860589981079102,0.9633541107177734,0.675000011920929,0.7350000143051147,200.0
712,8.715030670166016,6.753147125244141,5.783454895019531,0.675000011920929,0.7320000529289246,100.0
713,9.265824317932129,4.7723493576049805,7.414517879486084,0.675000011920929,0.7310000061988831,200.0
714,8.538612365722656,8.46375560760498,5.93235445022583,0.675000011920929,0.734000027179718,200.0
715,9.549795150756836,6.170215129852295,2.3598151206970215,0.675000011920929,0.7330000400543213,200.0
716,8.099129676818848,8.018352508544922,8.357040405273438,0.675000011920929,0.7330000400543213,200.0
717,9.029528617858887,6.726181983947754,9.541279792785645,0.675000011920929,0.7350000143051147,100.0
718,8.177057266235352,6.757147789001465,5.748500823974609,0.675000011920929,0.7330000400543213,200.0
719,8.946676254272461,8.733576774597168,0.8298015594482422,0.675000011920929,0.7330000400543213,100.0
720,6.173498630523682,9.150035858154297,5.287363529205322,0.675000011920929,0.7330000400543213,100.0
721,6.73960018157959,7.044771194458008,8.210281372070312,0.675000011920929,0.734000027179718,100.0
722,8.61722183227539,4.806947708129883,9.132099151611328,0.675000011920929,0.7350000143051147,100.0
723,3.7689459323883057,8.801092147827148,3.6847174167633057,0.6500000357627869,0.7330000400543213,100.0
724,5.552889823913574,5.541088581085205,5.321183204650879,0.6500000357627869,0.7270000576972961,100.0
725,9.031698226928711,1.170130968093872,6.6919636726379395,0.6500000357627869,0.7240000367164612,200.0
726,8.249100685119629,1.0509216785430908,0.3127521276473999,0.6500000357627869,0.7220000624656677,100.0
727,7.111650466918945,5.928455352783203,6.71273136138916,0.6500000357627869,0.7270000576972961,100.0
728,4.125354290008545,9.535377502441406,2.1461968421936035,0.6500000357627869,0.7310000061988831,100.0
729,8.012740135192871,2.7256298065185547,1.2667977809906006,0.6500000357627869,0.7250000238418579,100.0
730,2.1955955028533936,0.4097360372543335,0.5130881071090698,0.6500000357627869,0.7160000205039978,200.0
731,9.360288619995117,6.458590030670166,7.534157752990723,0.6500000357627869,0.7280000448226929,200.0
732,5.903136730194092,6.321571350097656,3.8015329837799072,0.6500000357627869,0.7260000109672546,100.0
733,5.088383674621582,7.862412452697754,8.10085678100586,0.6500000357627869,0.7310000061988831,200.0
734,9.346161842346191,2.8100342750549316,8.809911727905273,0.6500000357627869,0.7300000190734863,100.0
735,6.059171676635742,7.748091697692871,1.9429177045822144,0.6500000357627869,0.7270000576972961,200.0
736,5.351526260375977,7.303895950317383,0.6991642713546753,0.6500000357627869,0.7260000109672546,200.0
737,8.534655570983887,4.106513977050781,5.452433109283447,0.6500000357627869,0.7300000190734863,200.0
738,4.465628147125244,7.589116096496582,5.117550849914551,0.6500000357627869,0.7280000448226929,200.0
739,7.572290420532227,4.453151226043701,3.5125880241394043,0.6500000357627869,0.7250000238418579,100.0
740,6.917612552642822,9.430171012878418,9.925764083862305,0.6500000357627869,0.7280000448226929,100.0
741,9.195024490356445,4.383864402770996,0.4483199119567871,0.6500000357627869,0.7290000319480896,100.0
742,3.8859777450561523,8.32083797454834,5.086716651916504,0.6500000357627869,0.7230000495910645,200.0
743,2.9645652770996094,7.529835224151611,9.884819984436035,0.6500000357627869,0.7260000109672546,100.0
744,3.6316256523132324,8.04155445098877,9.191320419311523,0.6500000357627869,0.7240000367164612,200.0
745,6.7326250076293945,5.39279842376709,8.654664993286133,0.6500000357627869,0.7280000448226929,100.0
746,7.813706398010254,3.4828500747680664,5.748696327209473,0.6500000357627869,0.7220000624656677,200.0
747,3.4576268196105957,8.850761413574219,6.096556663513184,0.6500000357627869,0.7230000495910645,100.0
748,0.812767744064331,8.912565231323242,9.02758502960205,0.625,0.7170000076293945,100.0
749,2.4632768630981445,7.058396339416504,5.704575538635254,0.625,0.7170000076293945,100.0
750,7.763857364654541,2.761864185333252,4.090664863586426,0.625,0.7240000367164612,200.0
751,6.723265171051025,1.6786998510360718,5.474061012268066,0.625,0.7210000157356262,100.0
752,3.9732766151428223,0.8797955513000488,2.4576992988586426,0.625,0.7240000367164612,200.0
753,3.0485856533050537,4.52735710144043,0.5044978857040405,0.625,0.7230000495910645,100.0
754,0.578845739364624,4.566843509674072,7.423654556274414,0.625,0.7190000414848328,200.0
755,2.4160022735595703,9.65527629852295,1.6333955526351929,0.625,0.7200000286102295,200.0
756,2.454509735107422,0.2749216556549072,3.733246326446533,0.625,0.7230000495910645,200.0
757,4.826576232910156,2.357203483581543,2.940908670425415,0.625,0.7200000286102295,200.0
758,0.5672323703765869,5.766506195068359,5.174455642700195,0.625,0.718000054359436,100.0
759,3.2362377643585205,3.9140093326568604,5.190494060516357,0.625,0.7160000205039978,100.0
760,1.2302815914154053,0.3328448534011841,6.657488822937012,0.625,0.7220000624656677,100.0
761,9.249577522277832,0.9541141986846924,5.497862815856934,0.625,0.7250000238418579,100.0
762,1.3474363088607788,7.12764310836792,9.347997665405273,0.625,0.7160000205039978,200.0
763,0.597844123840332,1.5557706356048584,2.1328163146972656,0.625,0.718000054359436,100.0
764,3.5056405067443848,3.8880717754364014,5.169375419616699,0.625,0.7160000205039978,100.0
765,1.653847098350525,3.858159065246582,6.866023063659668,0.625,0.7170000076293945,100.0
766,8.211111068725586,3.92246675491333,1.2011981010437012,0.625,0.7220000624656677,100.0
767,4.035678863525391,3.286699056625366,9.269393920898438,0.625,0.7190000414848328,200.0
768,1.4693444967269897,3.2956738471984863,7.440559387207031,0.625,0.718000054359436,200.0
769,1.8500947952270508,6.275643825531006,0.5315929651260376,0.625,0.7210000157356262,100.0
770,4.441230773925781,0.36964893341064453,7.29759407043457,0.625,0.7220000624656677,200.0
771,0.9179443120956421,5.6760735511779785,2.188119888305664,0.625,0.7170000076293945,200.0
772,6.915802478790283,0.613868236541748,3.2688021659851074,0.625,0.7230000495910645,200.0
773,5.142538070678711,1.8439197540283203,4.434316635131836,0.625,0.7220000624656677,200.0
774,3.192744731903076,5.540299892425537,9.015377044677734,0.625,0.7170000076293945,200.0
775,0.7667505741119385,7.196937084197998,5.693126678466797,0.625,0.7170000076293945,100.0
776,1.6815006732940674,1.2411171197891235,7.045762062072754,0.625,0.7210000157356262,100.0
777,2.2680532932281494,4.4966535568237305,1.2805843353271484,0.625,0.7190000414848328,100.0
778,2.035722255706787,5.905583381652832,8.844324111938477,0.625,0.7160000205039978,200.0
779,3.370511054992676,4.651372909545898,6.347377300262451,0.625,0.718000054359436,100.0
780,4.34012508392334,7.985197067260742,0.10102808475494385,0.625,0.7410000562667847,200.0
781,9.201571464538574,0.9437817335128784,2.563190460205078,0.625,0.7230000495910645,200.0
782,5.082104682922363,1.6121047735214233,7.0313615798950195,0.625,0.7230000495910645,100.0
783,2.772822380065918,3.267843246459961,4.725714206695557,0.625,0.7160000205039978,200.0
784,2.037829875946045,5.726975440979004,2.6312220096588135,0.625,0.7170000076293945,200.0
785,9.439593315124512,1.438162922859192,0.41320085525512695,0.625,0.7290000319480896,200.0
786,4.806123733520508,1.8872112035751343,8.649236679077148,0.625,0.7220000624656677,100.0
787,8.743345260620117,1.3724058866500854,7.40029764175415,0.625,0.7230000495910645,100.0
788,3.1308341026306152,0.2319568395614624,4.4742512702941895,0.625,0.7220000624656677,200.0
789,3.776817798614502,7.750611305236816,6.786674499511719,0.625,0.7190000414848328,200.0
790,0.4588496685028076,7.0644049644470215,0.6304407119750977,0.625,0.7170000076293945,200.0
791,4.790511131286621,6.554367542266846,0.5792999267578125,0.625,0.7240000367164612,100.0
792,0.9129935503005981,5.831948280334473,3.7832112312316895,0.625,0.7170000076293945,100.0
793,2.760049819946289,4.299067497253418,2.447176456451416,0.625,0.7170000076293945,100.0
794,5.6288676261901855,1.0302668809890747,2.7020764350891113,0.625,0.7230000495910645,100.0
795,3.0078368186950684,7.235686302185059,4.868436813354492,0.625,0.7190000414848328,200.0
796,1.152147650718689,8.521893501281738,3.7678980827331543,0.625,0.7170000076293945,200.0
797,6.10017728805542,1.279255747795105,3.655059814453125,0.625,0.7250000238418579,200.0
798,0.7822853326797485,3.0461816787719727,1.1871755123138428,0.625,0.718000054359436,200.0
799,0.16070902347564697,7.515047073364258,9.534307479858398,0.625,0.7220000624656677,200.0
800,1.9178718328475952,4.944700241088867,0.7649350166320801,0.675000011920929,0.687000036239624,100.0
801,6.5998125076293945,2.7119569778442383,7.5643720626831055,0.675000011920929,0.6840000152587891,100.0
802,1.3996917009353638,2.8778207302093506,3.184560537338257,0.675000011920929,0.6960000395774841,100.0
803,4.778949737548828,1.5463870763778687,7.496281147003174,0.675000011920929,0.690000057220459,200.0
804,5.750707626342773,1.3826847076416016,3.435119390487671,0.675000011920929,0.6920000314712524,200.0
805,7.219796180725098,0.1783442497253418,1.2889426946640015,0.675000011920929,0.7040000557899475,100.0
806,7.917051792144775,0.7939481735229492,6.021380424499512,0.675000011920929,0.690000057220459,100.0
807,7.054471015930176,1.882854700088501,9.5823392868042,0.675000011920929,0.6840000152587891,100.0
808,4.527278423309326,2.713901996612549,9.406600952148438,0.675000011920929,0.6840000152587891,100.0
809,1.5914231538772583,0.8806061744689941,1.069098711013794,0.675000011920929,0.6830000281333923,100.0
810,6.641373157501221,0.38101673126220703,3.6857378482818604,0.675000011920929,0.6970000267028809,100.0
811,2.8454697132110596,1.977958083152771,0.6727111339569092,0.675000011920929,0.6810000538825989,100.0
812,7.902162551879883,1.0297006368637085,3.5176610946655273,0.675000011920929,0.6860000491142273,200.0
813,5.671315670013428,0.7017457485198975,7.285074234008789,0.675000011920929,0.6960000395774841,100.0
814,0.26122570037841797,6.96010684967041,1.6977816820144653,0.675000011920929,0.6940000057220459,100.0
815,2.2096705436706543,0.22727608680725098,2.5068860054016113,0.675000011920929,0.7120000123977661,100.0
816,8.399895668029785,1.8287068605422974,1.9380635023117065,0.675000011920929,0.6840000152587891,100.0
817,5.102114677429199,1.7412358522415161,5.37202262878418,0.675000011920929,0.690000057220459,100.0
818,3.4456634521484375,1.6884863376617432,6.404068470001221,0.675000011920929,0.6950000524520874,200.0
819,3.8804256916046143,0.34540414810180664,7.146376609802246,0.675000011920929,0.6970000267028809,200.0
820,6.540921211242676,0.4251021146774292,6.459435939788818,0.675000011920929,0.6980000138282776,200.0
821,3.1663453578948975,2.682931423187256,8.183171272277832,0.675000011920929,0.6920000314712524,200.0
822,1.159488558769226,2.6158666610717773,4.224170684814453,0.675000011920929,0.6980000138282776,200.0
823,1.53350830078125,1.0452932119369507,1.2992209196090698,0.675000011920929,0.6890000104904175,200.0
824,4.579201698303223,1.7147016525268555,6.7402167320251465,0.675000011920929,0.6920000314712524,100.0
825,8.736783027648926,1.5233111381530762,0.3603559732437134,0.675000011920929,0.6780000329017639,200.0
826,0.16128897666931152,6.60051155090332,1.655728816986084,0.675000011920929,0.6930000185966492,100.0
827,2.4283270835876465,2.9982316493988037,8.839630126953125,0.675000011920929,0.6920000314712524,200.0
828,2.358839988708496,1.9527775049209595,6.877618789672852,0.675000011920929,0.6980000138282776,200.0
829,1.2189114093780518,5.172224044799805,7.2066450119018555,0.6500000357627869,0.6960000395774841,200.0
830,2.4568800926208496,6.334839820861816,0.8974266052246094,0.6500000357627869,0.6850000619888306,200.0
831,1.2153065204620361,5.98146390914917,1.7239469289779663,0.6500000357627869,0.6920000314712524,200.0
832,4.259298324584961,3.168802261352539,2.1395320892333984,0.6500000357627869,0.6880000233650208,200.0
833,4.942196846008301,2.8363709449768066,3.745405673980713,0.6500000357627869,0.6840000152587891,200.0
834,1.3551348447799683,8.484916687011719,3.389824628829956,0.6500000357627869,0.6910000443458557,100.0
835,5.472806930541992,2.5802767276763916,3.6910672187805176,0.6500000357627869,0.6860000491142273,200.0
836,9.865009307861328,1.9206202030181885,1.0830086469650269,0.6500000357627869,0.6860000491142273,100.0
837,5.963578701019287,3.2059030532836914,3.7987470626831055,0.6500000357627869,0.6840000152587891,100.0
838,1.2755978107452393,7.068728446960449,5.402730941772461,0.6500000357627869,0.6920000314712524,100.0
839,4.103082656860352,3.0244345664978027,5.026412010192871,0.6500000357627869,0.6880000233650208,100.0
840,1.431572437286377,4.782862663269043,8.246524810791016,0.6500000357627869,0.6950000524520874,100.0
841,1.4845561981201172,8.526257514953613,1.729859709739685,0.6500000357627869,0.6910000443458557,200.0
842,1.7248594760894775,7.612580299377441,1.7657846212387085,0.6500000357627869,0.690000057220459,200.0
843,1.4382898807525635,9.741046905517578,7.213752746582031,0.6500000357627869,0.6840000152587891,200.0
844,2.6323461532592773,3.7632358074188232,1.9064098596572876,0.6500000357627869,0.6890000104904175,200.0
845,0.4938274621963501,8.385807037353516,5.427115440368652,0.6500000357627869,0.6980000138282776,200.0
846,1.694784164428711,5.958524227142334,3.3653550148010254,0.6500000357627869,0.6930000185966492,200.0
847,0.9061074256896973,9.913660049438477,9.457279205322266,0.6500000357627869,0.6890000104904175,100.0
848,1.6930937767028809,5.256638050079346,8.794373512268066,0.6500000357627869,0.6890000104904175,100.0
849,6.940465450286865,8.13094711303711,2.7272706031799316,0.625,0.675000011920929,200.0
850,7.97987699508667,4.894859313964844,3.8078629970550537,0.625,0.6760000586509705,100.0
851,7.902749061584473,7.618765830993652,8.580309867858887,0.625,0.6740000247955322,100.0
852,3.9314687252044678,9.080612182617188,8.717280387878418,0.625,0.6770000457763672,100.0
853,3.7291736602783203,2.1912777423858643,0.29242396354675293,0.625,0.6520000100135803,200.0
854,2.274066925048828,8.789759635925293,6.220898151397705,0.625,0.6830000281333923,200.0
855,6.71284294128418,6.19774055480957,4.025976181030273,0.625,0.675000011920929,100.0
856,7.733513832092285,4.569536209106445,3.4585535526275635,0.625,0.6760000586509705,200.0
857,4.048929214477539,6.470759391784668,5.554937839508057,0.625,0.6780000329017639,200.0
858,5.567601203918457,8.745320320129395,6.790139198303223,0.625,0.6740000247955322,100.0
859,4.790487766265869,8.606647491455078,6.898097515106201,0.625,0.6760000586509705,200.0
860,7.551176071166992,7.301172256469727,9.535305976867676,0.625,0.675000011920929,200.0
861,8.976919174194336,3.6716318130493164,1.4552432298660278,0.625,0.6770000457763672,200.0
862,7.476036548614502,9.944629669189453,0.5970019102096558,0.625,0.6730000376701355,200.0
863,7.143057823181152,7.948554039001465,1.040986180305481,0.625,0.675000011920929,100.0
864,5.111603260040283,4.87770938873291,2.8817498683929443,0.625,0.6800000071525574,100.0
865,6.8694167137146,2.9534358978271484,2.195491313934326,0.625,0.6830000281333923,100.0
866,5.78706169128418,3.377692222595215,0.6363826990127563,0.625,0.6800000071525574,100.0
867,9.695466995239258,4.4596052169799805,3.7731242179870605,0.625,0.6760000586509705,200.0
868,4.668807029724121,6.043400764465332,4.439656734466553,0.625,0.6770000457763672,100.0
869,8.488409996032715,5.95086145401001,6.573903560638428,0.625,0.675000011920929,100.0
870,5.034343719482422,7.896610260009766,2.4668145179748535,0.625,0.6770000457763672,200.0
871,4.22577428817749,8.938608169555664,4.354787826538086,0.625,0.6760000586509705,100.0
872,4.444628715515137,8.416545867919922,8.953675270080566,0.625,0.6770000457763672,100.0
873,8.489324569702148,5.036177635192871,4.337162017822266,0.625,0.675000011920929,100.0
874,6.667962551116943,2.835967540740967,2.263369560241699,0.625,0.6820000410079956,100.0
875,5.040903568267822,4.44290828704834,5.639798641204834,0.625,0.6790000200271606,200.0
876,6.150678634643555,6.636713981628418,5.154271602630615,0.625,0.6770000457763672,100.0
877,6.72766637802124,6.7082719802856445,4.557016372680664,0.625,0.6740000247955322,100.0
878,8.355558395385742,7.3777875900268555,0.9783613681793213,0.625,0.6690000295639038,100.0
879,5.359504222869873,4.1837873458862305,8.81734848022461,0.625,0.6810000538825989,200.0
880,5.570837020874023,9.973113059997559,5.369476795196533,0.625,0.675000011920929,100.0
881,4.3317694664001465,8.234827995300293,1.9556492567062378,0.625,0.6780000329017639,100.0
882,7.381643295288086,5.364284038543701,2.818121910095215,0.625,0.675000011920929,100.0
883,3.6028778553009033,7.321679592132568,9.138534545898438,0.625,0.6780000329017639,100.0
884,3.747361183166504,5.848084449768066,9.285224914550781,0.625,0.6820000410079956,200.0
885,5.727428913116455,7.150566577911377,2.801179885864258,0.625,0.6780000329017639,100.0
886,7.129611492156982,3.7749056816101074,4.803652763366699,0.625,0.6770000457763672,200.0
887,5.455638885498047,6.717694282531738,9.910778045654297,0.625,0.6760000586509705,200.0
888,4.071937561035156,8.835095405578613,7.778029441833496,0.625,0.6780000329017639,100.0
889,9.751251220703125,5.453500747680664,3.4671754837036133,0.625,0.6740000247955322,200.0
890,6.592688083648682,4.429204940795898,9.826681137084961,0.625,0.6770000457763672,100.0
891,5.93449592590332,7.325721263885498,6.789107799530029,0.625,0.675000011920929,100.0
892,6.4994916915893555,5.793537616729736,3.529872417449951,0.625,0.675000011920929,200.0
893,3.714995861053467,5.9972686767578125,5.849160194396973,0.625,0.6780000329017639,100.0
894,7.91964054107666,4.956618309020996,9.863751411437988,0.625,0.675000011920929,200.0
895,6.253231048583984,5.277102470397949,4.97544527053833,0.625,0.6760000586509705,200.0
896,9.242847442626953,3.7743663787841797,7.957991600036621,0.625,0.6760000586509705,100.0
897,0.24454116821289062,3.4823858737945557,0.6931620836257935,0.6000000238418579,0.6570000052452087,100.0
898,2.8652143478393555,6.707608699798584,0.19164085388183594,0.574999988079071,0.6430000066757202,100.0
899,4.551274299621582,5.462599754333496,0.013707876205444336,0.5250000357627869,0.5390000343322754,200.0
900,8.114375114440918,9.947641372680664,5.348041534423828,0.9000000357627869,0.7750000357627869,100.0
901,9.03593921661377,6.597419261932373,4.21881103515625,0.9000000357627869,0.7510000467300415,200.0
902,9.365002632141113,6.089463233947754,5.424007415771484,0.9000000357627869,0.7480000257492065,100.0
903,8.599822998046875,9.883773803710938,4.158185005187988,0.9000000357627869,0.7520000338554382,100.0
904,6.358284950256348,9.638911247253418,4.456482887268066,0.9000000357627869,0.7490000128746033,100.0
905,8.029820442199707,7.083675861358643,6.6697235107421875,0.9000000357627869,0.7560000419616699,200.0
906,6.556709289550781,2.6394057273864746,0.1785820722579956,0.9000000357627869,0.7000000476837158,200.0
907,8.796266555786133,9.941059112548828,3.7505788803100586,0.9000000357627869,0.7670000195503235,200.0
908,9.570432662963867,7.174293518066406,5.055222034454346,0.9000000357627869,0.7570000290870667,100.0
909,8.633855819702148,9.055234909057617,0.8990424871444702,0.9000000357627869,0.7580000162124634,200.0
910,7.683429718017578,6.966154098510742,1.0501229763031006,0.9000000357627869,0.753000020980835,200.0
911,6.382357597351074,4.160458564758301,6.348605155944824,0.875,0.7300000190734863,100.0
912,3.560532331466675,9.096407890319824,2.9387049674987793,0.875,0.7360000610351562,100.0
913,7.859692573547363,5.026590347290039,3.3480162620544434,0.875,0.7410000562667847,200.0
914,5.990681171417236,9.553176879882812,1.255326271057129,0.875,0.7450000643730164,200.0
915,9.73128604888916,7.2112932205200195,5.612398147583008,0.875,0.7620000243186951,200.0
916,0.9571635723114014,1.6492527723312378,0.9716331958770752,0.875,0.6860000491142273,200.0
917,8.12621784210205,4.594006061553955,0.6821292638778687,0.875,0.7380000352859497,100.0
918,5.5365891456604,5.103878021240234,5.84288215637207,0.875,0.7300000190734863,100.0
919,0.5563795566558838,1.8714118003845215,0.7291746139526367,0.875,0.6730000376701355,100.0
920,4.517441749572754,6.0519914627075195,4.809704303741455,0.875,0.7290000319480896,200.0
921,5.009035110473633,6.140438079833984,5.984862327575684,0.875,0.7300000190734863,100.0
922,5.379541397094727,4.972034454345703,3.1322617530822754,0.875,0.7290000319480896,100.0
923,4.1606621742248535,9.272043228149414,9.093891143798828,0.875,0.7380000352859497,100.0
924,5.564022541046143,6.979424476623535,2.777554512023926,0.875,0.7350000143051147,100.0
925,9.928390502929688,3.4662246704101562,1.9417285919189453,0.875,0.7380000352859497,200.0
926,5.036962032318115,8.10423469543457,7.430018901824951,0.875,0.7420000433921814,100.0
927,8.220584869384766,3.2185888290405273,7.679354667663574,0.875,0.7320000529289246,100.0
928,8.601791381835938,7.63947868347168,9.957075119018555,0.875,0.7630000114440918,100.0
929,6.46505880355835,5.252832412719727,1.9953691959381104,0.875,0.7290000319480896,200.0
930,0.049071311950683594,2.3107588291168213,7.378492832183838,0.875,0.6880000233650208,100.0
931,6.09600830078125,6.908465385437012,2.501729726791382,0.875,0.7430000305175781,200.0
932,6.827259063720703,5.136727809906006,4.532876014709473,0.875,0.7380000352859497,100.0
933,4.104214191436768,8.787769317626953,2.0476632118225098,0.875,0.7350000143051147,100.0
934,5.127971649169922,7.290806293487549,6.408464431762695,0.875,0.7380000352859497,200.0
935,6.6463727951049805,3.7515270709991455,8.546209335327148,0.875,0.7310000061988831,100.0
936,4.239864349365234,6.017011642456055,8.111363410949707,0.875,0.7300000190734863,200.0
937,9.53291130065918,4.160396575927734,9.71800708770752,0.875,0.7390000224113464,200.0
938,8.404120445251465,3.047811508178711,1.5458232164382935,0.875,0.7290000319480896,100.0
939,8.493255615234375,8.7004976272583,5.901971817016602,0.875,0.7590000629425049,100.0
940,0.165749192237854,0.08915185928344727,7.3166327476501465,0.875,0.6940000057220459,200.0
941,9.396733283996582,4.637391090393066,4.729941368103027,0.875,0.7400000095367432,100.0
942,5.116471767425537,8.126078605651855,7.695784091949463,0.875,0.737000048160553,200.0
943,2.8819985389709473,1.206216812133789,0.6048315763473511,0.875,0.6940000057220459,100.0
944,3.9053916931152344,8.325772285461426,9.010168075561523,0.875,0.7300000190734863,100.0
945,4.657114028930664,7.169367790222168,2.4463577270507812,0.875,0.7400000095367432,100.0
946,5.794741630554199,4.390583515167236,2.360081672668457,0.875,0.7270000576972961,100.0
947,5.963382720947266,4.573673725128174,9.874141693115234,0.875,0.7310000061988831,200.0
948,9.046867370605469,4.9521260261535645,9.953704833984375,0.875,0.7400000095367432,100.0
949,5.869429588317871,7.397662162780762,7.581976890563965,0.875,0.7400000095367432,100.0
950,3.920567512512207,7.864114761352539,1.9069308042526245,0.875,0.734000027179718,200.0
951,7.303703308105469,3.417506694793701,6.057284355163574,0.875,0.7310000061988831,100.0
952,3.5652332305908203,8.710506439208984,5.930680274963379,0.875,0.7300000190734863,200.0
953,5.775961875915527,9.090110778808594,0.7415354251861572,0.875,0.7460000514984131,200.0
954,9.515755653381348,4.615020751953125,7.317257404327393,0.875,0.737000048160553,100.0
955,4.41218900680542,9.69158935546875,9.342836380004883,0.875,0.737000048160553,200.0
956,4.9396772384643555,0.07539510726928711,6.3205108642578125,0.8500000238418579,0.6840000152587891,100.0
957,0.4424405097961426,7.501081943511963,0.24503707885742188,0.8500000238418579,0.6650000214576721,200.0
958,9.82687759399414,5.485861301422119,0.18437206745147705,0.8500000238418579,0.7450000643730164,100.0
959,7.185631275177002,2.70681095123291,8.45533275604248,0.8500000238418579,0.718000054359436,200.0
960,3.250314712524414,7.254934787750244,0.6938821077346802,0.8500000238418579,0.7200000286102295,100.0
961,3.1313114166259766,7.807285308837891,1.6898804903030396,0.8500000238418579,0.7240000367164612,200.0
962,6.757862567901611,2.461475133895874,6.5933122634887695,0.8500000238418579,0.7140000462532043,100.0
963,4.669589519500732,3.7261362075805664,0.38819074630737305,0.8500000238418579,0.7040000557899475,100.0
964,5.86330509185791,3.2295358180999756,9.666141510009766,0.8500000238418579,0.718000054359436,100.0
965,8.65141487121582,8.03897762298584,0.18787264823913574,0.8500000238418579,0.7440000176429749,100.0
966,0.7489418983459473,0.4127234220504761,5.550155162811279,0.824999988079071,0.6800000071525574,100.0
967,0.7255882024765015,7.288385391235352,8.285956382751465,0.824999988079071,0.6960000395774841,200.0
968,4.236632347106934,3.9886326789855957,5.216011047363281,0.824999988079071,0.7130000591278076,200.0
969,4.919436454772949,1.8396371603012085,2.616533041000366,0.824999988079071,0.6990000605583191,200.0
970,1.131332516670227,7.934321403503418,1.6978365182876587,0.824999988079071,0.6960000395774841,100.0
971,2.1099085807800293,4.018957614898682,6.592850685119629,0.824999988079071,0.6980000138282776,200.0
972,9.958259582519531,0.6374949216842651,1.7207902669906616,0.824999988079071,0.6930000185966492,200.0
973,2.104583978652954,7.180090427398682,9.143303871154785,0.824999988079071,0.7130000591278076,200.0
974,6.119161605834961,2.1478896141052246,8.05404281616211,0.824999988079071,0.7070000171661377,100.0
975,4.054351329803467,4.890074729919434,3.6069412231445312,0.824999988079071,0.7140000462532043,200.0
976,1.0633248090744019,9.143446922302246,3.3617753982543945,0.824999988079071,0.6990000605583191,100.0
977,4.771488189697266,1.9440841674804688,3.350569725036621,0.824999988079071,0.6950000524520874,100.0
978,3.0672097206115723,5.2760844230651855,4.529451847076416,0.824999988079071,0.7090000510215759,100.0
979,1.7067885398864746,7.552245140075684,6.526506423950195,0.824999988079071,0.703000009059906,200.0
980,6.189401626586914,0.6813246011734009,2.15677547454834,0.824999988079071,0.690000057220459,100.0
981,3.92926025390625,3.3993072509765625,9.051248550415039,0.824999988079071,0.706000030040741,100.0
982,0.1177448034286499,6.471897125244141,1.4103031158447266,0.824999988079071,0.6850000619888306,100.0
983,3.518681049346924,2.9566633701324463,1.9528073072433472,0.824999988079071,0.7010000348091125,200.0
984,0.6632846593856812,7.215037822723389,3.2256131172180176,0.824999988079071,0.6950000524520874,200.0
985,4.16678524017334,2.5052719116210938,1.7176860570907593,0.824999988079071,0.7000000476837158,200.0
986,4.229759216308594,0.8386683464050293,3.465869903564453,0.824999988079071,0.690000057220459,100.0
987,6.832809925079346,1.5833300352096558,7.448651313781738,0.824999988079071,0.706000030040741,200.0
988,1.049087643623352,2.8292112350463867,3.245234489440918,0.824999988079071,0.690000057220459,100.0
989,0.09032607078552246,2.2065377235412598,8.539023399353027,0.800000011920929,0.6800000071525574,100.0
990,1.9984912872314453,0.13814032077789307,6.678285121917725,0.800000011920929,0.6780000329017639,100.0
991,1.6457504034042358,1.81831955909729,5.912097930908203,0.800000011920929,0.690000057220459,100.0
992,0.22565841674804688,6.233803749084473,5.538670539855957,0.7750000357627869,0.6830000281333923,100.0
993,3.0096869468688965,0.4275476932525635,5.426743507385254,0.7750000357627869,0.6880000233650208,100.0
994,3.44834566116333,0.310671329498291,5.89620304107666,0.7750000357627869,0.6850000619888306,100.0
995,4.8363237380981445,0.4760444164276123,6.313169002532959,0.7750000357627869,0.687000036239624,100.0
996,0.6957918405532837,2.8226089477539062,8.910683631896973,0.7750000357627869,0.687000036239624,200.0
997,1.1777269840240479,0.7669305801391602,9.16789436340332,0.7750000357627869,0.6850000619888306,200.0
998,0.7167977094650269,3.1273317337036133,9.318856239318848,0.7750000357627869,0.687000036239624,200.0
999,2.286632537841797,3.158308267593384,0.08967936038970947,0.7250000238418579,0.593000054359436,100.0
